{
"type": "FeatureCollection",
"name": "warnregionen",
"crs": { "type": "name", "properties": { "name": "urn:ogc:def:crs:OGC:1.3:CRS84" } },
"features": [
{ "type": "Feature", "properties": { "region_id": 31, "Name": "östlicher Jura" }, "geometry": { "type": "Polygon", "coordinates": [ [ [ 8.269952574838904, 47.576040075726809 ], [ 8.274102834361999, 47.539070992365836 ], [ 8.264423117632765, 47.511914580960536 ], [ 8.235583022992644, 47.492931618586482 ], [ 8.223496722937352, 47.497655246594157 ], [ 8.217468220009561, 47.498352527693051 ], [ 8.132279183474948, 47.470148222861212 ], [ 8.12954891675316, 47.467259376557301 ], [ 8.114206171817401, 47.458157703328531 ], [ 8.065424149568766, 47.439705895256353 ], [ 8.052740556485086, 47.436562906820214 ], [ 8.01191684214055, 47.429720763734956 ], [ 8.004818173160899, 47.430268387729434 ], [ 7.985619449267386, 47.428408948921103 ], [ 7.961037303616717, 47.422109566931724 ], [ 7.869162173266579, 47.378460542710357 ], [ 7.845950756861225, 47.376898625307867 ], [ 7.802962526651995, 47.366176777301135 ], [ 7.768031501364694, 47.356360689856075 ], [ 7.741176784977573, 47.351936822077938 ], [ 7.738854020551235, 47.355468668565656 ], [ 7.722707882205616, 47.3707278597985 ], [ 7.712347915175202, 47.372038998392597 ], [ 7.688700074151312, 47.371786658330429 ], [ 7.586116762810065, 47.337945941871659 ], [ 7.577190576362473, 47.319410491492363 ], [ 7.561055556102119, 47.308581335221035 ], [ 7.533670605142103, 47.294926368455734 ], [ 7.508414586530606, 47.291607269001567 ], [ 7.487612890041345, 47.284197363062738 ], [ 7.479876496944553, 47.279190389770925 ], [ 7.475221218070435, 47.274802600651633 ], [ 7.473196570563146, 47.270629749608567 ], [ 7.474680938241933, 47.257092514487546 ], [ 7.477083578837257, 47.254474338500195 ], [ 7.489075385519561, 47.250611136817369 ], [ 7.397150326878212, 47.231356508850382 ], [ 7.316901572517041, 47.220541349988927 ], [ 7.243598517610603, 47.214233523388039 ], [ 7.175067516138763, 47.212621253760894 ], [ 7.094405790384841, 47.203412779505435 ], [ 7.056209599798349, 47.197939924371205 ], [ 7.038283954955111, 47.191465474279802 ], [ 7.048377478614931, 47.20781682867549 ], [ 7.051853366958749, 47.210841847620678 ], [ 7.060795260415946, 47.217527761106076 ], [ 7.085454939933328, 47.23165606092271 ], [ 7.102662298113079, 47.302675260955617 ], [ 7.106944831514629, 47.30506225527381 ], [ 7.119808217527277, 47.309973685701344 ], [ 7.138524076618013, 47.314125573973776 ], [ 7.146198480678268, 47.318291814430026 ], [ 7.173507486078972, 47.337660133422204 ], [ 7.202206542043673, 47.361422932904539 ], [ 7.212039322963107, 47.374421540108358 ], [ 7.213590317948543, 47.383346918429034 ], [ 7.19250168855842, 47.390364206430618 ], [ 7.165659074219422, 47.381840016347297 ], [ 7.149881532761336, 47.378032881742492 ], [ 7.104507879127222, 47.370912477850581 ], [ 7.031654938320854, 47.368438349837511 ], [ 7.013465121713696, 47.371637584961853 ], [ 6.997359037618459, 47.362816425165214 ], [ 6.969225922453315, 47.361616845212268 ], [ 6.924436341649133, 47.35547121298444 ], [ 6.881565104290639, 47.352888267499047 ], [ 6.879824353387827, 47.3548046666264 ], [ 6.884724835339133, 47.373563906186213 ], [ 6.892950719019052, 47.378388220121685 ], [ 6.905381190981761, 47.3813876072985 ], [ 6.916402257643782, 47.403969079808363 ], [ 6.938182570490445, 47.406746022324917 ], [ 6.941915023522763, 47.432647801046492 ], [ 6.964295827625687, 47.434954622383856 ], [ 6.973573484541194, 47.448735592404397 ], [ 6.992796876419612, 47.449036359377217 ], [ 6.996097873937339, 47.450695009691643 ], [ 7.001474091270753, 47.461229695519755 ], [ 7.001710445362064, 47.466348259097515 ], [ 7.000159125887788, 47.467889364504963 ], [ 6.987202561775977, 47.470726512488085 ], [ 6.985423030039017, 47.489598164076355 ], [ 6.987589117179811, 47.493905814047622 ], [ 7.011009879063818, 47.502341423538326 ], [ 7.021640755745952, 47.504089178824181 ], [ 7.02687430663576, 47.503577319820437 ], [ 7.04063111230987, 47.497464679037193 ], [ 7.070401518489755, 47.493246393889791 ], [ 7.075448763757475, 47.488711418828863 ], [ 7.091827517044864, 47.494086277572997 ], [ 7.111816157212947, 47.49570060358424 ], [ 7.129682848959126, 47.504096248669292 ], [ 7.147232385680393, 47.498781529491332 ], [ 7.161168395627622, 47.491027132644412 ], [ 7.179418332232833, 47.490179218051559 ], [ 7.198385893141952, 47.494807246907357 ], [ 7.200503630640597, 47.490143777860354 ], [ 7.193622485237608, 47.488915163517959 ], [ 7.190197509107119, 47.486416497289504 ], [ 7.173570530177348, 47.444314269357299 ], [ 7.192933154983996, 47.437314823790409 ], [ 7.204749445018239, 47.436188194733681 ], [ 7.231442823154143, 47.44062848904445 ], [ 7.247193748728171, 47.421876048272715 ], [ 7.263084580467186, 47.425499079646414 ], [ 7.281582364117356, 47.435698210984214 ], [ 7.296381614524734, 47.438478688991864 ], [ 7.313230145261135, 47.438678223218986 ], [ 7.334448791498858, 47.441244803542986 ], [ 7.340204446632642, 47.440152619110883 ], [ 7.348178897458683, 47.436048904623291 ], [ 7.367640002581985, 47.434956388232663 ], [ 7.382409857144704, 47.432059548152743 ], [ 7.402288996596186, 47.436591704958666 ], [ 7.418590175377092, 47.445985628748296 ], [ 7.431647841356639, 47.458075254195727 ], [ 7.444816758374124, 47.461996800329551 ], [ 7.455124152458059, 47.470747035123473 ], [ 7.453798351644644, 47.473184574588807 ], [ 7.425116525952776, 47.482781100199297 ], [ 7.425168932173438, 47.485227459820187 ], [ 7.433208134060368, 47.495957935434213 ], [ 7.437945798141315, 47.496515722138376 ], [ 7.46045049931617, 47.489282743022706 ], [ 7.473369184114678, 47.480681482469826 ], [ 7.485801519971902, 47.482008288338569 ], [ 7.496768945720837, 47.49000799389831 ], [ 7.508081713872876, 47.495668019146585 ], [ 7.509474433178379, 47.50521870634806 ], [ 7.503062092924606, 47.515142637799201 ], [ 7.511510406712028, 47.518852154808776 ], [ 7.522220452216331, 47.516200812736443 ], [ 7.529994805790974, 47.528678440346383 ], [ 7.520362989680608, 47.534423608166016 ], [ 7.510035149652943, 47.527685000927626 ], [ 7.501949209524498, 47.528382162909097 ], [ 7.499295711743909, 47.530416162426114 ], [ 7.497365713170907, 47.538502560061566 ], [ 7.505819826194131, 47.544200082907764 ], [ 7.518348588135647, 47.546224828494822 ], [ 7.551112804843501, 47.562377636755961 ], [ 7.554572579296448, 47.564703623617952 ], [ 7.556967841430146, 47.572255920455518 ], [ 7.564886366718051, 47.576924335928425 ], [ 7.583799869981705, 47.57702824989174 ], [ 7.587587017305577, 47.591026578700472 ], [ 7.603353348844986, 47.586364657898493 ], [ 7.605203681437271, 47.578663460852411 ], [ 7.622767923746071, 47.576586466080386 ], [ 7.639306167421526, 47.588295868334733 ], [ 7.64757044704091, 47.597301942992686 ], [ 7.671066471947437, 47.591573424238426 ], [ 7.686183823322143, 47.600400972556372 ], [ 7.689959544598605, 47.600266967849919 ], [ 7.689826461443946, 47.597425269770291 ], [ 7.673474015481951, 47.585812652699531 ], [ 7.682178301022996, 47.579373272938355 ], [ 7.687288855358749, 47.572230455950717 ], [ 7.6858947720413, 47.569661225577576 ], [ 7.675172095611778, 47.564080436784671 ], [ 7.659836741988579, 47.563813817949736 ], [ 7.648887488566281, 47.560425495314959 ], [ 7.635650820084488, 47.563254701425066 ], [ 7.631385230810915, 47.559511457886792 ], [ 7.637806873778499, 47.557063342111356 ], [ 7.648054488838419, 47.547934668423892 ], [ 7.658807411398945, 47.543022189944821 ], [ 7.667989110113945, 47.534550257821344 ], [ 7.684374229716253, 47.531009174932898 ], [ 7.698117366981228, 47.533470592770342 ], [ 7.719744197598196, 47.544779483899745 ], [ 7.745160977001082, 47.543546000418154 ], [ 7.761027002573084, 47.548980281731289 ], [ 7.788656547283746, 47.554800237490035 ], [ 7.80858166394822, 47.567689541995627 ], [ 7.814801585258123, 47.582824047371147 ], [ 7.821793107064436, 47.586452652419752 ], [ 7.84141039543819, 47.582402060293077 ], [ 7.867893981094302, 47.587919298779809 ], [ 7.882199183761511, 47.588018437890888 ], [ 7.89119886271147, 47.586409805745284 ], [ 7.902077343227558, 47.580799746277876 ], [ 7.90817601950394, 47.57299559583587 ], [ 7.908775126680498, 47.567102209539279 ], [ 7.905212914340405, 47.557924861769322 ], [ 7.909098088719529, 47.551037848712873 ], [ 7.916993569797445, 47.547084224187728 ], [ 7.93904541087641, 47.544329002222227 ], [ 7.943956443690596, 47.545333023240168 ], [ 7.950910842193421, 47.55435041512623 ], [ 7.956675076983283, 47.556897081234069 ], [ 7.977403797446608, 47.554473249083578 ], [ 7.99840137038825, 47.555048379798286 ], [ 8.018126898640924, 47.549797972115265 ], [ 8.040457574923169, 47.553245876283057 ], [ 8.054673984411854, 47.56134677846223 ], [ 8.060794816185032, 47.563211841794875 ], [ 8.067248143492554, 47.562817292437259 ], [ 8.079943842299491, 47.557783109442617 ], [ 8.086428199806013, 47.557819027644193 ], [ 8.096962675063562, 47.564100495552047 ], [ 8.101421298555595, 47.577449168836857 ], [ 8.104833360384399, 47.581377978277246 ], [ 8.111184004538016, 47.583221080683806 ], [ 8.131386122339094, 47.583974643751795 ], [ 8.144729219512389, 47.593715632706271 ], [ 8.163636469194277, 47.594732293859586 ], [ 8.181816449468093, 47.605482013407418 ], [ 8.193562494593955, 47.617862828697184 ], [ 8.202473667050185, 47.620556683224279 ], [ 8.209591570752991, 47.619709174189254 ], [ 8.216477439790115, 47.616659262795203 ], [ 8.22262507023186, 47.605105608645331 ], [ 8.262370103678842, 47.587633637777522 ], [ 8.269952574838904, 47.576040075726809 ] ] ] } },
{ "type": "Feature", "properties": { "region_id": 32, "Name": "Balsthal" }, "geometry": { "type": "Polygon", "coordinates": [ [ [ 8.044249814591691, 47.384664841077885 ], [ 8.008421928965863, 47.329710404668546 ], [ 8.004606210572218, 47.327939235466424 ], [ 7.992266752904872, 47.327000635872217 ], [ 7.970061830143906, 47.334318580651249 ], [ 7.902401332381354, 47.349783681550697 ], [ 7.857682636894487, 47.329680860609088 ], [ 7.666985480362221, 47.266092799845453 ], [ 7.553475330016774, 47.22679268079996 ], [ 7.339534367342615, 47.183226262692934 ], [ 7.269075211390166, 47.156635750875324 ], [ 7.217797001635764, 47.145970313485236 ], [ 7.185072644025177, 47.132446164470416 ], [ 7.167886300444922, 47.129591402587707 ], [ 7.143554923973852, 47.139308737858315 ], [ 7.142063055323151, 47.14208430499157 ], [ 7.139775529574145, 47.15506695524936 ], [ 7.133758903639982, 47.155707728258982 ], [ 7.05975122654995, 47.134133040464619 ], [ 7.039123208678586, 47.125247927141857 ], [ 7.028135482658978, 47.133349544828675 ], [ 7.011257961084236, 47.135716503742373 ], [ 6.939313630415097, 47.110203666960828 ], [ 6.933834995528584, 47.107166319312512 ], [ 6.930366873763351, 47.10057558322675 ], [ 6.922252801654103, 47.093703028911584 ], [ 6.904794982295135, 47.082406093982556 ], [ 6.872518958630738, 47.074911101630953 ], [ 6.858821603270345, 47.078908431453584 ], [ 6.853014153746892, 47.084959647806336 ], [ 6.860686506442968, 47.100074496209253 ], [ 6.898586338610538, 47.126039267670549 ], [ 6.914260728908233, 47.135017112916387 ], [ 6.953008243974934, 47.153096767942678 ], [ 6.982017014051814, 47.163928890809217 ], [ 7.038283954955111, 47.191465474279802 ], [ 7.056209599798349, 47.197939924371205 ], [ 7.094405790384841, 47.203412779505435 ], [ 7.175067516138763, 47.212621253760894 ], [ 7.243598517610603, 47.214233523388039 ], [ 7.316901572517041, 47.220541349988927 ], [ 7.397150326878212, 47.231356508850382 ], [ 7.489075385519561, 47.250611136817369 ], [ 7.477083578837257, 47.254474338500195 ], [ 7.474680938241933, 47.257092514487546 ], [ 7.473196570563146, 47.270629749608567 ], [ 7.475221218070435, 47.274802600651633 ], [ 7.479876496944553, 47.279190389770925 ], [ 7.487612890041345, 47.284197363062738 ], [ 7.508414586530606, 47.291607269001567 ], [ 7.533670605142103, 47.294926368455734 ], [ 7.561055556102119, 47.308581335221035 ], [ 7.577190576362473, 47.319410491492363 ], [ 7.586116762810065, 47.337945941871659 ], [ 7.688700074151312, 47.371786658330429 ], [ 7.712347915175202, 47.372038998392597 ], [ 7.722707882205616, 47.3707278597985 ], [ 7.738854020551235, 47.355468668565656 ], [ 7.741176784977573, 47.351936822077938 ], [ 7.768031501364694, 47.356360689856075 ], [ 7.802962526651995, 47.366176777301135 ], [ 7.845950756861225, 47.376898625307867 ], [ 7.869162173266579, 47.378460542710357 ], [ 7.961037303616717, 47.422109566931724 ], [ 7.985619449267386, 47.428408948921103 ], [ 8.004818173160899, 47.430268387729434 ], [ 8.01191684214055, 47.429720763734956 ], [ 8.029140234712687, 47.414676505667899 ], [ 8.044205898056621, 47.391294009894168 ], [ 8.044249814591691, 47.384664841077885 ] ] ] } },
{ "type": "Feature", "properties": { "region_id": 33, "Name": "Unteres Emmental" }, "geometry": { "type": "Polygon", "coordinates": [ [ [ 7.83043390952342, 47.261696474823907 ], [ 7.727003741115253, 47.224664226947148 ], [ 7.719533349022108, 47.225195338462399 ], [ 7.707293363787488, 47.217246162424978 ], [ 7.663262654408158, 47.18494115863723 ], [ 7.673531879164738, 47.179955611183175 ], [ 7.687792980422196, 47.168610257943484 ], [ 7.687536215017846, 47.16443721825592 ], [ 7.681208263810119, 47.141657766539382 ], [ 7.669568444675944, 47.132632813288382 ], [ 7.663937593219215, 47.125708890924365 ], [ 7.661435751249763, 47.119876061657095 ], [ 7.661124767418583, 47.11160134343902 ], [ 7.672434718824543, 47.094650490887418 ], [ 7.692072820068103, 47.074999917348165 ], [ 7.72771196539133, 47.069581926671034 ], [ 7.733505170437434, 47.055274111430364 ], [ 7.741320557546298, 47.054795073654034 ], [ 7.751289734407855, 47.055793856745666 ], [ 7.75663070140298, 47.057551248274926 ], [ 7.763541514914114, 47.062002487408868 ], [ 7.767271927553931, 47.062846424371472 ], [ 7.790556200897901, 47.062507709867752 ], [ 7.850630612718403, 47.053376071433988 ], [ 7.868585189583715, 47.04874979841378 ], [ 7.883073940717675, 47.039123847341891 ], [ 7.891183318434521, 47.030240944378541 ], [ 7.899341777653639, 47.018190930146346 ], [ 7.900747226879891, 47.005735891348422 ], [ 7.858730947125912, 46.998629113974467 ], [ 7.795002694342243, 46.982716090000686 ], [ 7.792797800462498, 46.979223770570705 ], [ 7.77095245863674, 46.955577627970797 ], [ 7.736305746231858, 46.940668589316061 ], [ 7.728030047319799, 46.937946189785286 ], [ 7.723696121124705, 46.937939038333191 ], [ 7.718598810106913, 46.940137421781159 ], [ 7.710017652799231, 46.941759168920555 ], [ 7.700560790364257, 46.938965609360068 ], [ 7.630305237753723, 46.907692843179575 ], [ 7.625636754484895, 46.905118889862969 ], [ 7.61082992807752, 46.892161835742797 ], [ 7.600117511835542, 46.894857966496382 ], [ 7.507108060589308, 46.927837275714452 ], [ 7.495475714687774, 46.929012925010269 ], [ 7.483159200815322, 46.929144210154817 ], [ 7.463150643801699, 46.965256723669 ], [ 7.514000858967857, 46.984205716264086 ], [ 7.515337645849187, 46.990735294911993 ], [ 7.511647173275324, 46.993346256894796 ], [ 7.506548624328879, 46.995175356111936 ], [ 7.414287633922011, 47.014387638470637 ], [ 7.396359973710494, 47.016855923406624 ], [ 7.369057083720042, 47.015978851086231 ], [ 7.317688520979139, 47.002973819930261 ], [ 7.273193410476969, 47.032448707432927 ], [ 7.205294625592281, 47.047531734657298 ], [ 7.238651408077353, 47.065971841933504 ], [ 7.28787163107391, 47.112875155314995 ], [ 7.285836971779036, 47.128577513751544 ], [ 7.278147896575735, 47.147806945454157 ], [ 7.269075211390166, 47.156635750875324 ], [ 7.339534367342615, 47.183226262692934 ], [ 7.553475330016774, 47.22679268079996 ], [ 7.666985480362221, 47.266092799845453 ], [ 7.857682636894487, 47.329680860609088 ], [ 7.902401332381354, 47.349783681550697 ], [ 7.970061830143906, 47.334318580651249 ], [ 7.984512638497875, 47.290582223155553 ], [ 7.83043390952342, 47.261696474823907 ] ] ] } },
{ "type": "Feature", "properties": { "region_id": 34, "Name": "Berner Mittelland" }, "geometry": { "type": "Polygon", "coordinates": [ [ [ 7.273193410476969, 47.032448707432927 ], [ 7.317688520979139, 47.002973819930261 ], [ 7.369057083720042, 47.015978851086231 ], [ 7.396359973710494, 47.016855923406624 ], [ 7.414287633922011, 47.014387638470637 ], [ 7.506548624328879, 46.995175356111936 ], [ 7.511647173275324, 46.993346256894796 ], [ 7.515337645849187, 46.990735294911993 ], [ 7.514000858967857, 46.984205716264086 ], [ 7.463150643801699, 46.965256723669 ], [ 7.483159200815322, 46.929144210154817 ], [ 7.495475714687774, 46.929012925010269 ], [ 7.507108060589308, 46.927837275714452 ], [ 7.600117511835542, 46.894857966496382 ], [ 7.61082992807752, 46.892161835742797 ], [ 7.61218476754918, 46.868673075953708 ], [ 7.610479618393539, 46.839764638011303 ], [ 7.608149166716582, 46.836520777536606 ], [ 7.59392107074282, 46.825386639406041 ], [ 7.587738786813091, 46.82189562796659 ], [ 7.581471436427897, 46.820626243418694 ], [ 7.576495150976729, 46.816791294050518 ], [ 7.628524338879888, 46.725980105531931 ], [ 7.638808815092129, 46.719593791556662 ], [ 7.632181063019094, 46.691332314329792 ], [ 7.623840193699019, 46.691229166689887 ], [ 7.571415797069328, 46.711739645350129 ], [ 7.521856843480038, 46.73283558210764 ], [ 7.513145084061014, 46.733920989757777 ], [ 7.418500567674016, 46.735534965655276 ], [ 7.365232592252373, 46.71994153762892 ], [ 7.343642370073595, 46.710030391367468 ], [ 7.351767695635647, 46.70741925661175 ], [ 7.36226216072432, 46.702614276784381 ], [ 7.36892325094064, 46.698336750817198 ], [ 7.372158402603907, 46.693751012070464 ], [ 7.374819203325182, 46.688013431513738 ], [ 7.375386535801598, 46.683614954896257 ], [ 7.371742944900019, 46.660260504478352 ], [ 7.366995796813361, 46.653834775966743 ], [ 7.3588509894841, 46.649151619182142 ], [ 7.353367534387426, 46.647357488734158 ], [ 7.347334710720508, 46.653874518066345 ], [ 7.342629710223235, 46.65500404527684 ], [ 7.329160220467394, 46.655207672465856 ], [ 7.320254732998922, 46.653282640346987 ], [ 7.304592944782367, 46.642209634567337 ], [ 7.303661182463621, 46.638781224164404 ], [ 7.305093227336312, 46.635373613667696 ], [ 7.254683868259484, 46.624004463551756 ], [ 7.250102032599374, 46.623709068638846 ], [ 7.242400683664522, 46.633887960818683 ], [ 7.240265546477242, 46.667500613640144 ], [ 7.258455100067391, 46.679153215869256 ], [ 7.265585580608812, 46.689032412239229 ], [ 7.270490648153399, 46.700608018540784 ], [ 7.266138154332282, 46.724529484482389 ], [ 7.252286373716443, 46.743083226070745 ], [ 7.263046458240746, 46.745906972775146 ], [ 7.287143504666545, 46.767108002014993 ], [ 7.295320890111872, 46.783517286853431 ], [ 7.296788892763338, 46.787953869723545 ], [ 7.296972045069174, 46.792973534165171 ], [ 7.279040197633301, 46.793399494816143 ], [ 7.276545221384162, 46.79551887419592 ], [ 7.260264577878333, 46.799326505140392 ], [ 7.214057916416015, 46.81326842319605 ], [ 7.212788094839875, 46.819220860995728 ], [ 7.22423897757427, 46.891772473737156 ], [ 7.232738443118953, 46.906288554336975 ], [ 7.214614975453395, 46.908835993613138 ], [ 7.221411389410465, 46.932146861555381 ], [ 7.217779579685777, 46.975298864685016 ], [ 7.214844916721934, 46.979385945076203 ], [ 7.216198193047469, 46.988968431151157 ], [ 7.222790175621729, 47.000467880133236 ], [ 7.245124556924014, 47.023472438999022 ], [ 7.273193410476969, 47.032448707432927 ] ] ] } },
{ "type": "Feature", "properties": { "region_id": 35, "Name": "Westliches Berner Oberland" }, "geometry": { "type": "Polygon", "coordinates": [ [ [ 7.590109784460751, 46.704430142947878 ], [ 7.623840193699019, 46.691229166689887 ], [ 7.632181063019094, 46.691332314329792 ], [ 7.638808815092129, 46.719593791556662 ], [ 7.690339292759932, 46.68782784372052 ], [ 7.707187598421267, 46.671687478307298 ], [ 7.75479388939792, 46.655823401362056 ], [ 7.758709151035162, 46.655137825680924 ], [ 7.771292538905324, 46.655551641742086 ], [ 7.818191166253873, 46.660802727173831 ], [ 7.825904928290472, 46.665157686892414 ], [ 7.826674648490479, 46.666810267302218 ], [ 7.830831296935033, 46.654373102328385 ], [ 7.799582520518965, 46.625060498290097 ], [ 7.794854458415875, 46.618886360352839 ], [ 7.788947044767667, 46.617906136610372 ], [ 7.774958221081699, 46.606316877396914 ], [ 7.7353840023166, 46.558758816529746 ], [ 7.723955920816128, 46.543072596340437 ], [ 7.715860636962432, 46.527907916808942 ], [ 7.714046236377544, 46.522227064138349 ], [ 7.812295431018885, 46.495724668799923 ], [ 7.840717113225162, 46.478059140487822 ], [ 7.837767297795812, 46.475343823030464 ], [ 7.820323655289769, 46.464851709982746 ], [ 7.740155574626828, 46.424764758049655 ], [ 7.706728101586331, 46.415187098192099 ], [ 7.657552403213633, 46.412287779255898 ], [ 7.604771216501917, 46.415147651819559 ], [ 7.553441842322853, 46.41206236358672 ], [ 7.56248992357509, 46.381701635164362 ], [ 7.536730881288044, 46.37642822800759 ], [ 7.497356183198181, 46.370095247860583 ], [ 7.486259437037523, 46.371728574173034 ], [ 7.482219726134465, 46.374284925444428 ], [ 7.468666515720805, 46.37826528439475 ], [ 7.439591227760475, 46.383765347666078 ], [ 7.43368983450198, 46.383342400408544 ], [ 7.395742463210532, 46.372539320771423 ], [ 7.384103260594295, 46.367370727871467 ], [ 7.382399369954788, 46.405862172742673 ], [ 7.387066008025702, 46.448035916180274 ], [ 7.387751198266347, 46.466414279851975 ], [ 7.366754475226061, 46.484088127366689 ], [ 7.357329618914883, 46.490234688608162 ], [ 7.355468960232781, 46.497447805653337 ], [ 7.356807401054272, 46.508090594023642 ], [ 7.374641799683813, 46.553026196679689 ], [ 7.303584879721145, 46.554987390290201 ], [ 7.341085260484669, 46.592141833209503 ], [ 7.318380735049087, 46.603535280126053 ], [ 7.303661182463621, 46.638781224164404 ], [ 7.304592944782367, 46.642209634567337 ], [ 7.320254732998922, 46.653282640346987 ], [ 7.329160220467394, 46.655207672465856 ], [ 7.342629710223235, 46.65500404527684 ], [ 7.347334710720508, 46.653874518066345 ], [ 7.353367534387426, 46.647357488734158 ], [ 7.3588509894841, 46.649151619182142 ], [ 7.366995796813361, 46.653834775966743 ], [ 7.371742944900019, 46.660260504478352 ], [ 7.375386535801598, 46.683614954896257 ], [ 7.374819203325182, 46.688013431513738 ], [ 7.372158402603907, 46.693751012070464 ], [ 7.36892325094064, 46.698336750817198 ], [ 7.36226216072432, 46.702614276784381 ], [ 7.351767695635647, 46.70741925661175 ], [ 7.343642370073595, 46.710030391367468 ], [ 7.365232592252373, 46.71994153762892 ], [ 7.418500567674016, 46.735534965655276 ], [ 7.513145084061014, 46.733920989757777 ], [ 7.521856843480038, 46.73283558210764 ], [ 7.590109784460751, 46.704430142947878 ] ] ] } },
{ "type": "Feature", "properties": { "region_id": 36, "Name": "Greyerzerland" }, "geometry": { "type": "Polygon", "coordinates": [ [ [ 7.22423897757427, 46.891772473737156 ], [ 7.212788094839875, 46.819220860995728 ], [ 7.214057916416015, 46.81326842319605 ], [ 7.260264577878333, 46.799326505140392 ], [ 7.276545221384162, 46.79551887419592 ], [ 7.279040197633301, 46.793399494816143 ], [ 7.296972045069174, 46.792973534165171 ], [ 7.296788892763338, 46.787953869723545 ], [ 7.295320890111872, 46.783517286853431 ], [ 7.287143504666545, 46.767108002014993 ], [ 7.263046458240746, 46.745906972775146 ], [ 7.252286373716443, 46.743083226070745 ], [ 7.266138154332282, 46.724529484482389 ], [ 7.270490648153399, 46.700608018540784 ], [ 7.265585580608812, 46.689032412239229 ], [ 7.258455100067391, 46.679153215869256 ], [ 7.240265546477242, 46.667500613640144 ], [ 7.242400683664522, 46.633887960818683 ], [ 7.250102032599374, 46.623709068638846 ], [ 7.254683868259484, 46.624004463551756 ], [ 7.305093227336312, 46.635373613667696 ], [ 7.318380735049087, 46.603535280126053 ], [ 7.341085260484669, 46.592141833209503 ], [ 7.303584879721145, 46.554987390290201 ], [ 7.374641799683813, 46.553026196679689 ], [ 7.356807401054317, 46.508090594023635 ], [ 7.355468960232781, 46.497447805653337 ], [ 7.357329618914883, 46.490234688608162 ], [ 7.366754475226061, 46.484088127366689 ], [ 7.387751198266347, 46.466414279851975 ], [ 7.387066008025702, 46.448035916180274 ], [ 7.382399369954788, 46.405862172742673 ], [ 7.384103260594295, 46.367370727871467 ], [ 7.35855161902497, 46.35249454866382 ], [ 7.325231934208055, 46.344918464401417 ], [ 7.308709745682163, 46.333961876125898 ], [ 7.30475273970649, 46.33235600837282 ], [ 7.277128107690416, 46.328811429324553 ], [ 7.237722823026588, 46.327155776252006 ], [ 7.225251737549511, 46.328482193668187 ], [ 7.2213351185345, 46.330462749103226 ], [ 7.205994383424497, 46.355593001554816 ], [ 7.193403987530161, 46.378748171180867 ], [ 7.120353968787307, 46.392554179882744 ], [ 7.110868432674587, 46.400281356259356 ], [ 7.106139030337279, 46.401805805082127 ], [ 7.026840936812281, 46.390416997681911 ], [ 7.005797417082579, 46.38987060589875 ], [ 6.987538323780033, 46.400009433452198 ], [ 6.992645833336801, 46.411373360208628 ], [ 6.974477677976854, 46.437073179685505 ], [ 6.973517493758788, 46.445840122556852 ], [ 6.978528646504095, 46.473279717539356 ], [ 6.991539437026198, 46.499635425098568 ], [ 7.002249639712751, 46.509041755126198 ], [ 6.95739769277854, 46.547730852272409 ], [ 6.969052077542555, 46.565942112480528 ], [ 6.968834416436413, 46.575962460856807 ], [ 6.951086435311176, 46.596892642171973 ], [ 6.964278672625257, 46.623782755396476 ], [ 7.000916017536527, 46.647885362936776 ], [ 7.103717175385179, 46.721513015094104 ], [ 7.10623592312634, 46.726674852095464 ], [ 7.1034333927498, 46.729266334254525 ], [ 7.081959396956562, 46.742019649648086 ], [ 7.080628548414892, 46.745370802760021 ], [ 7.088047587685192, 46.755522869465921 ], [ 7.109335665146736, 46.775889318704451 ], [ 7.117295603333021, 46.78041881092436 ], [ 7.131159548719841, 46.785557548585132 ], [ 7.120242273249679, 46.798022223670976 ], [ 7.108728716937649, 46.797962451883549 ], [ 7.090021091946008, 46.794299520566781 ], [ 7.028184047394895, 46.775607631999264 ], [ 7.054899842586938, 46.811565848130684 ], [ 7.068304333212859, 46.819031471170618 ], [ 7.075320705537062, 46.837548691371246 ], [ 7.07600622098017, 46.842795208210561 ], [ 7.14267708557114, 46.865179490532448 ], [ 7.148205294345957, 46.863943360564704 ], [ 7.198801153172244, 46.896489256420011 ], [ 7.214614975453395, 46.908835993613138 ], [ 7.232738443118953, 46.906288554336975 ], [ 7.22423897757427, 46.891772473737156 ] ] ] } },
{ "type": "Feature", "properties": { "region_id": 37, "Name": "Oberaargau" }, "geometry": { "type": "Polygon", "coordinates": [ [ [ 8.268179136826479, 47.372283076440169 ], [ 8.188303194284723, 47.362278146770478 ], [ 8.177023264538033, 47.364113746925717 ], [ 8.151687102339235, 47.352408908902831 ], [ 8.141263220946948, 47.343801898997469 ], [ 8.139227821329808, 47.339964529261088 ], [ 8.170211542937281, 47.301823392444646 ], [ 8.185025385750183, 47.295486095655676 ], [ 8.218302013949167, 47.224709283841712 ], [ 8.223513820178027, 47.211855880242886 ], [ 8.235307140334081, 47.175848209988629 ], [ 8.234797885925323, 47.169105319620989 ], [ 8.226428915719948, 47.161507967481803 ], [ 8.197842630291586, 47.169390979163062 ], [ 8.189167526559556, 47.173450718586494 ], [ 8.180249214831955, 47.179094503159085 ], [ 8.1748278514821, 47.179156281259964 ], [ 8.149545211269524, 47.175771087063197 ], [ 8.128496282458135, 47.172085207410092 ], [ 8.124012361621874, 47.169071642875309 ], [ 8.1190982758147, 47.156039885947649 ], [ 8.123258391135344, 47.136927500155586 ], [ 8.167873875032379, 47.0919019096754 ], [ 8.143147043585353, 47.093567323201732 ], [ 8.13550870472811, 47.093658856971778 ], [ 8.127787376391151, 47.092419080393434 ], [ 8.008623528976512, 47.066032072192215 ], [ 7.999927468519934, 47.060290949958393 ], [ 7.949656073712563, 47.021459266023754 ], [ 7.947078832876222, 47.018772129835277 ], [ 7.946473231007304, 47.006190442962414 ], [ 7.900747226879891, 47.005735891348422 ], [ 7.899341777653639, 47.018190930146346 ], [ 7.891183318434521, 47.030240944378541 ], [ 7.883073940717675, 47.039123847341891 ], [ 7.868585189583715, 47.04874979841378 ], [ 7.850630612718403, 47.053376071433988 ], [ 7.790556200897901, 47.062507709867752 ], [ 7.767271927553931, 47.062846424371472 ], [ 7.763541514914114, 47.062002487408868 ], [ 7.75663070140298, 47.057551248274926 ], [ 7.751289734407855, 47.055793856745666 ], [ 7.741320557546298, 47.054795073654034 ], [ 7.733505170437434, 47.055274111430364 ], [ 7.72771196539133, 47.069581926671034 ], [ 7.692072820068103, 47.074999917348165 ], [ 7.672434718824543, 47.094650490887418 ], [ 7.661124767418583, 47.11160134343902 ], [ 7.661435751249763, 47.119876061657095 ], [ 7.663937593219215, 47.125708890924365 ], [ 7.669568444675944, 47.132632813288382 ], [ 7.681208263810119, 47.141657766539382 ], [ 7.687536215017846, 47.16443721825592 ], [ 7.687792980422196, 47.168610257943484 ], [ 7.673531879164738, 47.179955611183175 ], [ 7.663262654408158, 47.18494115863723 ], [ 7.707293363787488, 47.217246162424978 ], [ 7.719533349022108, 47.225195338462399 ], [ 7.727003741115253, 47.224664226947148 ], [ 7.83043390952342, 47.261696474823907 ], [ 7.984512638497875, 47.290582223155553 ], [ 7.970061830143906, 47.334318580651249 ], [ 7.992266752904872, 47.327000635872217 ], [ 8.004606210572218, 47.327939235466424 ], [ 8.008421928965863, 47.329710404668546 ], [ 8.044249814591691, 47.384664841077885 ], [ 8.044205898056621, 47.391294009894168 ], [ 8.029140234712687, 47.414676505667899 ], [ 8.01191684214055, 47.429720763734956 ], [ 8.052740556485086, 47.436562906820214 ], [ 8.065424149568766, 47.439705895256353 ], [ 8.114206171817401, 47.458157703328531 ], [ 8.12954891675316, 47.467259376557301 ], [ 8.132279183474948, 47.470148222861212 ], [ 8.21333581579842, 47.497112039061797 ], [ 8.217468220009561, 47.498352527693051 ], [ 8.223496722937352, 47.497655246594157 ], [ 8.235583022992644, 47.492931618586482 ], [ 8.220259370891682, 47.480560847950429 ], [ 8.22161944839146, 47.458479319549397 ], [ 8.235513914139707, 47.419213265448278 ], [ 8.25826640592695, 47.39153058069703 ], [ 8.268179136826479, 47.372283076440169 ] ] ] } },
{ "type": "Feature", "properties": { "region_id": 38, "Name": "Oberes Emmental" }, "geometry": { "type": "Polygon", "coordinates": [ [ [ 7.921332406474529, 46.946363183240045 ], [ 7.915282360404691, 46.935099312675554 ], [ 7.975643892885737, 46.888200158390362 ], [ 7.986176211886361, 46.855559580293665 ], [ 7.983965034475037, 46.852160828216924 ], [ 7.954793682813559, 46.830616852225596 ], [ 7.978435740932898, 46.817230326823783 ], [ 8.003078167228086, 46.817929998683638 ], [ 8.006500709728773, 46.816914549896737 ], [ 8.017423263618557, 46.806595817002268 ], [ 8.024075143605865, 46.792996550752839 ], [ 8.025077144495928, 46.788781455916059 ], [ 7.996310272852866, 46.781854826398124 ], [ 7.876599719230887, 46.71468428500998 ], [ 7.855345327784081, 46.699228385590246 ], [ 7.840835589925677, 46.68563406555802 ], [ 7.825904928290472, 46.665157686892414 ], [ 7.818191166253873, 46.660802727173831 ], [ 7.771292538905324, 46.655551641742086 ], [ 7.758709151035162, 46.655137825680924 ], [ 7.75479388939792, 46.655823401362056 ], [ 7.707187598421267, 46.671687478307298 ], [ 7.690339292759932, 46.68782784372052 ], [ 7.628524338879888, 46.725980105531931 ], [ 7.576495150976729, 46.816791294050518 ], [ 7.581471436427897, 46.820626243418694 ], [ 7.587738786813091, 46.82189562796659 ], [ 7.59392107074282, 46.825386639406041 ], [ 7.608149166716582, 46.836520777536606 ], [ 7.610479618393539, 46.839764638011303 ], [ 7.61218476754918, 46.868673075953708 ], [ 7.61082992807752, 46.892161835742797 ], [ 7.625636754484895, 46.905118889862969 ], [ 7.700560790364257, 46.938965609360068 ], [ 7.710017652799231, 46.941759168920555 ], [ 7.718598810106913, 46.940137421781159 ], [ 7.723696121124705, 46.937939038333191 ], [ 7.728030047319799, 46.937946189785286 ], [ 7.736305746231858, 46.940668589316061 ], [ 7.77095245863674, 46.955577627970797 ], [ 7.792797800462498, 46.979223770570705 ], [ 7.795002694342243, 46.982716090000686 ], [ 7.858730947125912, 46.998629113974467 ], [ 7.900747226879891, 47.005735891348422 ], [ 7.951522834474602, 47.006194985219956 ], [ 7.95448700792992, 47.004022840497598 ], [ 7.951500809384167, 46.981844823760845 ], [ 7.943566196892889, 46.966911791508693 ], [ 7.933530103465253, 46.962961589513448 ], [ 7.921332406474529, 46.946363183240045 ] ] ] } },
{ "type": "Feature", "properties": { "region_id": 40, "Name": "westliche Zentralschweiz" }, "geometry": { "type": "Polygon", "coordinates": [ [ [ 8.467890374907949, 47.076607667594672 ], [ 8.469579018517608, 47.048696688379344 ], [ 8.48481474338003, 47.036297567164716 ], [ 8.497107194236882, 47.02776474750894 ], [ 8.500846696595715, 47.025931022026107 ], [ 8.512182311537948, 47.023729493470455 ], [ 8.591940913919681, 47.014472300386885 ], [ 8.593504463680684, 46.99483616846301 ], [ 8.59496617519558, 46.987615576044149 ], [ 8.592420762274202, 46.982954254424357 ], [ 8.545641321031193, 46.927702847574935 ], [ 8.511188335415561, 46.916740591029928 ], [ 8.494921450565823, 46.918070266602513 ], [ 8.485622889078721, 46.9179127594752 ], [ 8.466798022785605, 46.897437463056903 ], [ 8.470003578653984, 46.856539529587394 ], [ 8.534774008027876, 46.840400768433341 ], [ 8.530896190199357, 46.806288203764318 ], [ 8.521054677476622, 46.779456078701827 ], [ 8.450917216397906, 46.764202950918261 ], [ 8.448697941706504, 46.767335274759816 ], [ 8.444947933302796, 46.769842322396514 ], [ 8.433775390696535, 46.773160833813812 ], [ 8.391696843071534, 46.775651754947731 ], [ 8.347800486250087, 46.798688468988871 ], [ 8.343626447173033, 46.802095090232086 ], [ 8.313597929954641, 46.788259254026961 ], [ 8.311220331634978, 46.786208366081055 ], [ 8.311605979444815, 46.781716438477943 ], [ 8.315831727223923, 46.775827698260983 ], [ 8.315365086864135, 46.772898593792775 ], [ 8.313311735769373, 46.770620361777546 ], [ 8.296347236852853, 46.760988388349233 ], [ 8.282723240141861, 46.754504855315595 ], [ 8.272277219634319, 46.754437652062826 ], [ 8.26058237600458, 46.763464366244136 ], [ 8.251029234137304, 46.766294452778155 ], [ 8.204699104444913, 46.770086937062828 ], [ 8.187444878807369, 46.769274758422661 ], [ 8.145467111529582, 46.754006443713131 ], [ 8.0897963090139, 46.787207723870402 ], [ 8.025077144495928, 46.788781455916059 ], [ 8.024075143605865, 46.792996550752839 ], [ 8.017423263618557, 46.806595817002268 ], [ 8.006500709728773, 46.816914549896737 ], [ 8.003078167228086, 46.817929998683638 ], [ 7.978435740932898, 46.817230326823783 ], [ 7.954793682813559, 46.830616852225596 ], [ 7.983965034475037, 46.852160828216924 ], [ 7.986176211886361, 46.855559580293665 ], [ 7.975643892885737, 46.888200158390362 ], [ 7.915282360404691, 46.935099312675554 ], [ 7.921332406474529, 46.946363183240045 ], [ 7.933530103465253, 46.962961589513448 ], [ 7.943566196892889, 46.966911791508693 ], [ 7.951500809384167, 46.981844823760845 ], [ 7.95448700792992, 47.004022840497598 ], [ 7.951522834474602, 47.006194985219956 ], [ 7.946473231007304, 47.006190442962414 ], [ 7.947078832876222, 47.018772129835277 ], [ 7.949656073712563, 47.021459266023754 ], [ 7.999927468519934, 47.060290949958393 ], [ 8.008623528976512, 47.066032072192215 ], [ 8.127787376391151, 47.092419080393434 ], [ 8.13550870472811, 47.093658856971778 ], [ 8.143147043585353, 47.093567323201732 ], [ 8.167873875032379, 47.0919019096754 ], [ 8.165408936169165, 47.061639214777728 ], [ 8.167512006802211, 47.057532996466044 ], [ 8.170154877108038, 47.055393286894471 ], [ 8.306410028662217, 47.058537608920858 ], [ 8.31748138349964, 47.060207555098692 ], [ 8.357137675255037, 47.069846375739978 ], [ 8.389472238264892, 47.08163738994498 ], [ 8.395996746935497, 47.084911582037194 ], [ 8.399740522246507, 47.10053266204207 ], [ 8.451831548499268, 47.096441983718364 ], [ 8.459726916894697, 47.091163599835149 ], [ 8.466906519716456, 47.079549084173301 ], [ 8.467890374907949, 47.076607667594672 ] ] ] } },
{ "type": "Feature", "properties": { "region_id": 41, "Name": "Östliches Berner Oberland" }, "geometry": { "type": "Polygon", "coordinates": [ [ [ 8.450917216397906, 46.764202950918261 ], [ 8.449991339628358, 46.72949486874036 ], [ 8.454309838008131, 46.707307818821597 ], [ 8.454703490597383, 46.694871511745539 ], [ 8.452135751013962, 46.689028808596028 ], [ 8.437318979440343, 46.686658578091638 ], [ 8.413434027933107, 46.690949523077094 ], [ 8.40429808625848, 46.691827905125656 ], [ 8.400678511567857, 46.691201774679421 ], [ 8.399034836126821, 46.684054677015979 ], [ 8.398781036568895, 46.674925695496839 ], [ 8.411374803291373, 46.655018293087089 ], [ 8.374299401456424, 46.631812708303471 ], [ 8.36868692284404, 46.62667686952885 ], [ 8.362410892151928, 46.600216207886312 ], [ 8.36114537763439, 46.588000651391432 ], [ 8.361942163525498, 46.584989463297134 ], [ 8.366652718172059, 46.584240456069914 ], [ 8.362487285797554, 46.579470372610245 ], [ 8.343839564535669, 46.563634005347559 ], [ 8.282185184106845, 46.537623233526034 ], [ 8.254039644452327, 46.528976348994519 ], [ 8.238401057345696, 46.526505531612969 ], [ 8.183509307406354, 46.52126479851858 ], [ 8.173762946771866, 46.531007907842728 ], [ 8.157838161302728, 46.531280638459215 ], [ 8.147567537342697, 46.532334669842072 ], [ 8.126694396406496, 46.537140728981633 ], [ 8.118081238976522, 46.544713091039171 ], [ 8.113650732541478, 46.546997437160599 ], [ 8.027207876209557, 46.562770267022145 ], [ 8.015213481081281, 46.56318248057233 ], [ 7.997788352204109, 46.558060817660206 ], [ 7.930781641255441, 46.497504773906222 ], [ 7.840717113225162, 46.478059140487822 ], [ 7.812295431018885, 46.495724668799923 ], [ 7.714046236377544, 46.522227064138349 ], [ 7.715860636962432, 46.527907916808942 ], [ 7.723955920816128, 46.543072596340437 ], [ 7.7353840023166, 46.558758816529746 ], [ 7.774958221081699, 46.606316877396914 ], [ 7.788947044767667, 46.617906136610372 ], [ 7.794854458415875, 46.618886360352839 ], [ 7.799582520518965, 46.625060498290097 ], [ 7.830831296935033, 46.654373102328385 ], [ 7.826674648490479, 46.666810267302218 ], [ 7.840835589925677, 46.68563406555802 ], [ 7.855345327784081, 46.699228385590246 ], [ 7.876599719230887, 46.71468428500998 ], [ 7.996310272852866, 46.781854826398124 ], [ 8.025077144495928, 46.788781455916059 ], [ 8.0897963090139, 46.787207723870402 ], [ 8.145467111529582, 46.754006443713131 ], [ 8.187444878807369, 46.769274758422661 ], [ 8.204699104444913, 46.770086937062828 ], [ 8.251029234137304, 46.766294452778155 ], [ 8.26058237600458, 46.763464366244136 ], [ 8.272277219634319, 46.754437652062826 ], [ 8.282723240141861, 46.754504855315595 ], [ 8.296347236852853, 46.760988388349233 ], [ 8.313311735769373, 46.770620361777546 ], [ 8.315365086864135, 46.772898593792775 ], [ 8.315831727223923, 46.775827698260983 ], [ 8.311605979444815, 46.781716438477943 ], [ 8.311220331634978, 46.786208366081055 ], [ 8.313597929954641, 46.788259254026961 ], [ 8.343626447173033, 46.802095090232086 ], [ 8.347800486250087, 46.798688468988871 ], [ 8.391696843071534, 46.775651754947731 ], [ 8.433775390696535, 46.773160833813812 ], [ 8.444947933302796, 46.769842322396514 ], [ 8.448697941706504, 46.767335274759816 ], [ 8.450917216397906, 46.764202950918261 ] ] ] } },
{ "type": "Feature", "properties": { "region_id": 42, "Name": "östliches Mittelland" }, "geometry": { "type": "Polygon", "coordinates": [ [ [ 8.572952160800648, 47.806736329504744 ], [ 8.577103449440424, 47.800508106804564 ], [ 8.614087449036729, 47.802065330465481 ], [ 8.622902366002917, 47.790346931108516 ], [ 8.621499713610158, 47.788499452961794 ], [ 8.613108503253676, 47.785643405335868 ], [ 8.612478101881685, 47.783095494165714 ], [ 8.622428917085717, 47.776950795488226 ], [ 8.62166346888977, 47.767784730090668 ], [ 8.630698513591412, 47.759651876951928 ], [ 8.634366246197372, 47.760225836583423 ], [ 8.65164611456559, 47.771550355495243 ], [ 8.646100417332546, 47.79453365562086 ], [ 8.648233755826807, 47.796768986543483 ], [ 8.655291492284796, 47.798943933221139 ], [ 8.67123564574514, 47.786607388950948 ], [ 8.679460822000992, 47.785656579498742 ], [ 8.681994994588228, 47.783893691736473 ], [ 8.689044120629342, 47.774995008892283 ], [ 8.683637971624748, 47.768658176843005 ], [ 8.687908746856253, 47.757432713752344 ], [ 8.692949021785699, 47.753430046681949 ], [ 8.711917362819083, 47.764079956582101 ], [ 8.734119472087979, 47.7566395037543 ], [ 8.741915638201061, 47.748250724483157 ], [ 8.724245534411684, 47.744408947083336 ], [ 8.712630656512562, 47.730002019858844 ], [ 8.719321640196366, 47.721132074502592 ], [ 8.733247320218478, 47.717730870431581 ], [ 8.73594305099259, 47.715695071094807 ], [ 8.727446929809672, 47.69189141988069 ], [ 8.761102229008868, 47.68673714234815 ], [ 8.783824646135356, 47.676150466025298 ], [ 8.79351576882341, 47.674418792366261 ], [ 8.804195649746246, 47.694540636255923 ], [ 8.791998484193833, 47.704172595216896 ], [ 8.770909326325009, 47.707519366084661 ], [ 8.772218917062558, 47.719305083361498 ], [ 8.776227606455803, 47.721813450613546 ], [ 8.79777547492397, 47.728336368188316 ], [ 8.798463181322857, 47.734867290453948 ], [ 8.805027397442831, 47.737623592349962 ], [ 8.808383104144827, 47.735911147297642 ], [ 8.811540712235129, 47.724001197455443 ], [ 8.82538019954818, 47.712917558082104 ], [ 8.837151548930409, 47.714557449798185 ], [ 8.849272593720224, 47.704283025512424 ], [ 8.873644384241121, 47.702806325524222 ], [ 8.874345472987699, 47.695736810862606 ], [ 8.856765085725323, 47.693973875361998 ], [ 8.853804429895172, 47.681894087724103 ], [ 8.864457094404797, 47.67930824949886 ], [ 8.875103196762424, 47.668167427812485 ], [ 8.877581962970813, 47.654509523608979 ], [ 8.894265236568472, 47.648778662967885 ], [ 8.905427607577986, 47.648566199069762 ], [ 8.922169625837935, 47.65223928552912 ], [ 9.008356101920471, 47.681959178848963 ], [ 9.019126151142251, 47.6844396975252 ], [ 9.03725338730454, 47.684362542981809 ], [ 9.103333042974743, 47.675293547681591 ], [ 9.135655628943361, 47.66441802109906 ], [ 9.146050742562053, 47.667162158373955 ], [ 9.155006085828045, 47.66694916714124 ], [ 9.16961513740098, 47.655550848614482 ], [ 9.18549248466274, 47.656167593092725 ], [ 9.207533381110792, 47.652352511886349 ], [ 9.290339267157044, 47.649567745283662 ], [ 9.346867769790517, 47.633331813663474 ], [ 9.433912690321291, 47.599795381949242 ], [ 9.455760249068476, 47.590888651645415 ], [ 9.521069486415115, 47.558299057764941 ], [ 9.443746133408023, 47.505241966984165 ], [ 9.442094810244564, 47.50194174831222 ], [ 9.435196052462093, 47.493594982492759 ], [ 9.388771360296753, 47.471049202958397 ], [ 9.340095885495376, 47.485714334031783 ], [ 9.33548307230785, 47.488111157158833 ], [ 9.290680433012009, 47.516086954357576 ], [ 9.28948288142522, 47.525930080757718 ], [ 9.260505345979741, 47.52913347040645 ], [ 9.233233930241051, 47.525529030399881 ], [ 9.233102006093786, 47.496851201752797 ], [ 9.178299426919912, 47.497481026370977 ], [ 9.168597053316423, 47.496295038044863 ], [ 9.158433685143898, 47.491102849654212 ], [ 9.125580234710506, 47.490156060247941 ], [ 9.099682441881127, 47.504915130721251 ], [ 9.07082346265851, 47.497229396008258 ], [ 9.066252236645843, 47.49533267820712 ], [ 9.037502102121842, 47.473270907859231 ], [ 9.024535804953985, 47.45891212601137 ], [ 9.020221049059455, 47.452089386527604 ], [ 9.034014828659199, 47.439728456602097 ], [ 9.007551873716723, 47.406095031434731 ], [ 8.973734656174164, 47.370214682868799 ], [ 8.969126266669326, 47.367442124093863 ], [ 8.912161830804299, 47.352089510678525 ], [ 8.888904624179473, 47.352114173585534 ], [ 8.884144921122401, 47.352812578893861 ], [ 8.855290303706974, 47.360888658368459 ], [ 8.848871700250939, 47.346969832511824 ], [ 8.837637893981558, 47.345586253509303 ], [ 8.832166730058075, 47.345904318652046 ], [ 8.809538274250212, 47.354820153261315 ], [ 8.807096688924995, 47.36335901815324 ], [ 8.765890427273119, 47.374886567412645 ], [ 8.66426994627597, 47.376108598218082 ], [ 8.657485308377147, 47.375334830946173 ], [ 8.639289177116206, 47.361762568474028 ], [ 8.637219704903382, 47.359220395049036 ], [ 8.605412723678086, 47.367291108666009 ], [ 8.563137177644908, 47.386762244087379 ], [ 8.520032174917308, 47.404084430957191 ], [ 8.498937321125659, 47.425274123942764 ], [ 8.504466717077124, 47.447242828624098 ], [ 8.487227875298872, 47.453921644061737 ], [ 8.419964033382389, 47.47683657540113 ], [ 8.351688242111349, 47.48125393353525 ], [ 8.320039547687394, 47.489792147238823 ], [ 8.264423117632765, 47.511914580960536 ], [ 8.274102834361999, 47.539070992365836 ], [ 8.269952574838904, 47.576040075726809 ], [ 8.262370103678842, 47.587633637777522 ], [ 8.22262507023186, 47.605105608645331 ], [ 8.228367192316503, 47.606694593762001 ], [ 8.23771887877632, 47.613034315902539 ], [ 8.252716651727232, 47.616140958864584 ], [ 8.263117178917275, 47.60920511134043 ], [ 8.278232765767132, 47.61048183245579 ], [ 8.287886301252954, 47.608666748396672 ], [ 8.294985705205423, 47.6043783673653 ], [ 8.294286050460133, 47.593149885523495 ], [ 8.29676137807324, 47.588355715839299 ], [ 8.326088997577191, 47.570821208609715 ], [ 8.358346347678545, 47.569373624793272 ], [ 8.377657993331802, 47.566430609789592 ], [ 8.382605525469241, 47.568144330953785 ], [ 8.389184636397433, 47.574863310291967 ], [ 8.395484854659189, 47.576340532637488 ], [ 8.422722405698609, 47.567145211519609 ], [ 8.433819838556076, 47.56646585543271 ], [ 8.491018011669935, 47.579200637269047 ], [ 8.488193081418027, 47.586250889001441 ], [ 8.471063750128087, 47.583895195195176 ], [ 8.463867825643012, 47.584381765443219 ], [ 8.456644131337269, 47.602838834911672 ], [ 8.470082416464093, 47.603178855478191 ], [ 8.481067175974363, 47.614008793300044 ], [ 8.492141539433035, 47.614385481770199 ], [ 8.5057904999383, 47.617102978897336 ], [ 8.517786616891524, 47.632669168540993 ], [ 8.53992929342812, 47.629511058085441 ], [ 8.572995420825787, 47.613416371828663 ], [ 8.573264975056828, 47.611093164087869 ], [ 8.564568925294084, 47.60182362592591 ], [ 8.565190701085319, 47.599164214254188 ], [ 8.592776265253763, 47.597579829958718 ], [ 8.59298064369815, 47.604530572927501 ], [ 8.599404066215687, 47.613640890798742 ], [ 8.591972169593504, 47.635841358046001 ], [ 8.593251050346455, 47.642016796937355 ], [ 8.599893032152774, 47.648741318271867 ], [ 8.604775316363547, 47.651039920989035 ], [ 8.609392261156852, 47.650345864226772 ], [ 8.61270713526708, 47.64675960208266 ], [ 8.611411095894473, 47.644128342641331 ], [ 8.603292423363822, 47.640495378039915 ], [ 8.603102222317132, 47.638500524332869 ], [ 8.605963127420413, 47.63667290431205 ], [ 8.616466958488799, 47.638059879971202 ], [ 8.624186370460347, 47.645239820377178 ], [ 8.62434735119877, 47.654223604597661 ], [ 8.609076491468352, 47.664380264625336 ], [ 8.608258925241289, 47.671979715591945 ], [ 8.599888419581047, 47.671622976457968 ], [ 8.576220719970491, 47.66147776851421 ], [ 8.563971452203955, 47.668342804762119 ], [ 8.547274411883492, 47.666452682409421 ], [ 8.53010674453677, 47.65910509686087 ], [ 8.534593066853432, 47.64943899077938 ], [ 8.533592737102737, 47.647406727027018 ], [ 8.49514518025469, 47.644318132895386 ], [ 8.478079793071043, 47.647557170561512 ], [ 8.476177728784513, 47.646261029133534 ], [ 8.475361973032076, 47.639936394227085 ], [ 8.468975283142269, 47.638626128197018 ], [ 8.466587342053057, 47.640383177356881 ], [ 8.465908838273474, 47.655508391152786 ], [ 8.449266934579001, 47.653306933290708 ], [ 8.441885468449124, 47.653640757516669 ], [ 8.424498103795543, 47.666381357948396 ], [ 8.412155942296856, 47.666404498887438 ], [ 8.406333168012893, 47.672002456255576 ], [ 8.407617394009211, 47.67451007308231 ], [ 8.419856649965693, 47.683212478939694 ], [ 8.403870085115429, 47.699076755417288 ], [ 8.417402429743779, 47.711141340353002 ], [ 8.419436966112622, 47.709469320314241 ], [ 8.423685761379337, 47.709361448159079 ], [ 8.443539673177835, 47.721953879105321 ], [ 8.451918354944464, 47.721692300240086 ], [ 8.454408046814466, 47.722938717714193 ], [ 8.45723739480351, 47.728670053900942 ], [ 8.449104483748446, 47.736277842960362 ], [ 8.453987093292005, 47.748251063687356 ], [ 8.46255832572087, 47.752214161352022 ], [ 8.470063213140936, 47.76298538268825 ], [ 8.482978187313442, 47.769885340066182 ], [ 8.487976082821298, 47.774346258210286 ], [ 8.496740504477074, 47.769617137872814 ], [ 8.507607381650862, 47.775930402960768 ], [ 8.519327151638754, 47.771613085841921 ], [ 8.52624972020894, 47.777376587808547 ], [ 8.553611129882434, 47.783485340925971 ], [ 8.55786064664122, 47.783138772224234 ], [ 8.566826039696149, 47.778042657303502 ], [ 8.577380565040118, 47.780530112925057 ], [ 8.578556986807801, 47.782488253963784 ], [ 8.574735630015292, 47.789091113915084 ], [ 8.563108116065523, 47.792073021206569 ], [ 8.563517620762916, 47.805047076561493 ], [ 8.570501166964315, 47.807614581954503 ], [ 8.572952160800648, 47.806736329504744 ] ] ] } },
{ "type": "Feature", "properties": { "region_id": 39, "Name": "Freiamt" }, "geometry": { "type": "Polygon", "coordinates": [ [ [ 8.563137177644908, 47.386762244087379 ], [ 8.495591063412265, 47.346832038168046 ], [ 8.5090255388796, 47.285558572472638 ], [ 8.544774150665702, 47.250579820944836 ], [ 8.559646469648172, 47.227749405094066 ], [ 8.656882713341366, 47.15430986082319 ], [ 8.644486942399585, 47.15140887953558 ], [ 8.440967442677303, 47.129731072228438 ], [ 8.421789490319924, 47.118985025794892 ], [ 8.399740522246507, 47.10053266204207 ], [ 8.395996746935497, 47.084911582037194 ], [ 8.389472238264892, 47.08163738994498 ], [ 8.357137675255037, 47.069846375739978 ], [ 8.31748138349964, 47.060207555098692 ], [ 8.306410028662217, 47.058537608920858 ], [ 8.170154877108038, 47.055393286894471 ], [ 8.167512006802211, 47.057532996466044 ], [ 8.165408936169165, 47.061639214777728 ], [ 8.167873875032379, 47.0919019096754 ], [ 8.123258391135344, 47.136927500155586 ], [ 8.1190982758147, 47.156039885947649 ], [ 8.124012361621874, 47.169071642875309 ], [ 8.128496282458135, 47.172085207410092 ], [ 8.149545211269524, 47.175771087063197 ], [ 8.1748278514821, 47.179156281259964 ], [ 8.180249214831955, 47.179094503159085 ], [ 8.189167526559556, 47.173450718586494 ], [ 8.197842630291586, 47.169390979163062 ], [ 8.226428915719948, 47.161507967481803 ], [ 8.234797885925323, 47.169105319620989 ], [ 8.235307140334081, 47.175848209988629 ], [ 8.223513820178027, 47.211855880242886 ], [ 8.218302013949167, 47.224709283841712 ], [ 8.185025385750183, 47.295486095655676 ], [ 8.170211542937281, 47.301823392444646 ], [ 8.139227821329808, 47.339964529261088 ], [ 8.141263220946948, 47.343801898997469 ], [ 8.151687102339235, 47.352408908902831 ], [ 8.177023264538033, 47.364113746925717 ], [ 8.188303194284723, 47.362278146770478 ], [ 8.268179136826479, 47.372283076440169 ], [ 8.25826640592695, 47.39153058069703 ], [ 8.235513914139707, 47.419213265448278 ], [ 8.22161944839146, 47.458479319549397 ], [ 8.220259370891682, 47.480560847950429 ], [ 8.235583022992644, 47.492931618586482 ], [ 8.264423117632765, 47.511914580960536 ], [ 8.320039547687394, 47.489792147238823 ], [ 8.351688242111349, 47.48125393353525 ], [ 8.419964033382389, 47.47683657540113 ], [ 8.487227875298872, 47.453921644061737 ], [ 8.504466717077124, 47.447242828624098 ], [ 8.498937321125659, 47.425274123942764 ], [ 8.520032174917308, 47.404084430957191 ], [ 8.563137177644908, 47.386762244087379 ] ] ] } },
{ "type": "Feature", "properties": { "region_id": 43, "Name": "Zürichseebecken" }, "geometry": { "type": "Polygon", "coordinates": [ [ [ 8.605412723678086, 47.367291108666009 ], [ 8.637219704903382, 47.359220395049036 ], [ 8.639289177116206, 47.361762568474028 ], [ 8.657485308377147, 47.375334830946173 ], [ 8.66426994627597, 47.376108598218082 ], [ 8.765890427273119, 47.374886567412645 ], [ 8.807096688924995, 47.36335901815324 ], [ 8.809538274250212, 47.354820153261315 ], [ 8.832166730058075, 47.345904318652046 ], [ 8.837637893981558, 47.345586253509303 ], [ 8.848871700250939, 47.346969832511824 ], [ 8.890849692126526, 47.316124106162256 ], [ 8.965996970939257, 47.293364911769785 ], [ 8.97085103415337, 47.295711484743016 ], [ 9.00257065911603, 47.305964147618916 ], [ 9.018202904172449, 47.29877899355737 ], [ 9.022495792497839, 47.296381072986314 ], [ 9.025045529536325, 47.293629138258808 ], [ 9.023965435907369, 47.284422774368139 ], [ 9.034247713745044, 47.266612040582892 ], [ 9.078153883862162, 47.252860827278433 ], [ 9.122304999358148, 47.185549372050986 ], [ 9.092091680451603, 47.168281937686324 ], [ 9.090391011406947, 47.165328445770271 ], [ 9.101114172625563, 47.13938008006081 ], [ 9.099043931553481, 47.133849951079192 ], [ 9.072661059223217, 47.129468719076201 ], [ 9.063911117761299, 47.1317520044473 ], [ 9.056000983447902, 47.136110043111856 ], [ 9.00533370410303, 47.172591151634848 ], [ 8.993873792901081, 47.165954277902706 ], [ 8.967485638607563, 47.137150374496663 ], [ 8.894863237778328, 47.171901450458314 ], [ 8.869522339236559, 47.150277520302524 ], [ 8.866314550745109, 47.148671068575766 ], [ 8.843612796422597, 47.142365420292897 ], [ 8.838602294274342, 47.146897669694468 ], [ 8.79906475870386, 47.171077034697916 ], [ 8.795448350629734, 47.172568114412115 ], [ 8.768821647562538, 47.17770092557808 ], [ 8.762538067199444, 47.178097252688396 ], [ 8.693791151936241, 47.163142840207371 ], [ 8.656882713341366, 47.15430986082319 ], [ 8.559646469648172, 47.227749405094066 ], [ 8.544774150665702, 47.250579820944836 ], [ 8.5090255388796, 47.285558572472638 ], [ 8.495591063412265, 47.346832038168046 ], [ 8.563137177644908, 47.386762244087379 ], [ 8.605412723678086, 47.367291108666009 ] ] ] } },
{ "type": "Feature", "properties": { "region_id": 44, "Name": "östliche Zentralschweiz" }, "geometry": { "type": "Polygon", "coordinates": [ [ [ 8.838602294274342, 47.146897669694468 ], [ 8.843612796422597, 47.142365420292897 ], [ 8.866314550745109, 47.148671068575766 ], [ 8.869522339236559, 47.150277520302524 ], [ 8.894863237778328, 47.171901450458314 ], [ 8.967485638607563, 47.137150374496663 ], [ 8.955564771131261, 47.09566324788625 ], [ 8.956152936408229, 47.091777944774663 ], [ 8.960807600578175, 47.089620143593955 ], [ 8.961503008448668, 47.077474468861404 ], [ 8.949098129654365, 47.04993764466046 ], [ 8.931250502993725, 47.042883862221395 ], [ 8.922757814589849, 47.040366992935226 ], [ 8.916640219526023, 47.039483311006343 ], [ 8.890587152156476, 47.039626984247981 ], [ 8.885212452320273, 47.038939152387961 ], [ 8.882017633244349, 47.03758491707331 ], [ 8.874025061861234, 47.031999362099555 ], [ 8.859013614525415, 47.005241556215324 ], [ 8.887371192349889, 46.999497851104444 ], [ 8.898195238672404, 46.995680955567451 ], [ 8.902228422314209, 46.991689003186437 ], [ 8.901834179768992, 46.982049595513942 ], [ 8.903028083432394, 46.975214854473982 ], [ 8.917842576549262, 46.954727947914726 ], [ 8.921895200842092, 46.95398280093692 ], [ 8.926909368154675, 46.955699138366072 ], [ 8.94414193127006, 46.965775342933703 ], [ 8.93710399223899, 46.933029209465552 ], [ 8.903933411035815, 46.9091670941174 ], [ 8.894897532202895, 46.905152873684948 ], [ 8.87890818291139, 46.89631342913983 ], [ 8.855130819444375, 46.873083714509342 ], [ 8.752383910246211, 46.893562342293116 ], [ 8.73504850433698, 46.901236097181112 ], [ 8.707397300053428, 46.916452981178985 ], [ 8.736652027377964, 46.930690322919624 ], [ 8.740704080680239, 46.933694121112801 ], [ 8.708256149505422, 46.953931358900086 ], [ 8.688923506049743, 46.956500973721887 ], [ 8.657812462171746, 46.958338574172764 ], [ 8.593504463680684, 46.99483616846301 ], [ 8.591940913919681, 47.014472300386885 ], [ 8.512182311537948, 47.023729493470455 ], [ 8.500846696595715, 47.025931022026107 ], [ 8.48481474338003, 47.036297567164716 ], [ 8.469579018517608, 47.048696688379344 ], [ 8.467890374907949, 47.076607667594672 ], [ 8.466906519716456, 47.079549084173301 ], [ 8.459726916894697, 47.091163599835149 ], [ 8.451831548499268, 47.096441983718364 ], [ 8.399740522246507, 47.10053266204207 ], [ 8.421789490319924, 47.118985025794892 ], [ 8.440967442677303, 47.129731072228438 ], [ 8.644486942399585, 47.15140887953558 ], [ 8.693791151936241, 47.163142840207371 ], [ 8.762538067199444, 47.178097252688396 ], [ 8.768821647562538, 47.17770092557808 ], [ 8.795448350629734, 47.172568114412115 ], [ 8.79906475870386, 47.171077034697916 ], [ 8.838602294274342, 47.146897669694468 ] ] ] } },
{ "type": "Feature", "properties": { "region_id": 45, "Name": "Urner Alpen" }, "geometry": { "type": "Polygon", "coordinates": [ [ [ 8.707397300053428, 46.916452981178985 ], [ 8.73504850433698, 46.901236097181112 ], [ 8.752383910246211, 46.893562342293116 ], [ 8.855130819444375, 46.873083714509342 ], [ 8.850000578254123, 46.842054298472227 ], [ 8.877881587200399, 46.813330608757468 ], [ 8.839975603413054, 46.794917442778527 ], [ 8.81263822105578, 46.737481073259907 ], [ 8.80322717247271, 46.733257539000263 ], [ 8.710847124611568, 46.69993970707695 ], [ 8.693724658307147, 46.701406963735792 ], [ 8.670764435209389, 46.659715130022164 ], [ 8.652126745326104, 46.637414613490066 ], [ 8.651346111946541, 46.634058193419861 ], [ 8.659979483027522, 46.624825365375543 ], [ 8.668388698944124, 46.619642761057463 ], [ 8.676489391791813, 46.616451135333548 ], [ 8.679767409333959, 46.59487738401085 ], [ 8.680306138213657, 46.579118288225686 ], [ 8.570271718398645, 46.561939901858885 ], [ 8.475373735798829, 46.526624909669025 ], [ 8.426887523430366, 46.546677659498229 ], [ 8.41381985878575, 46.575488580244375 ], [ 8.422141589433995, 46.628521925494184 ], [ 8.411374803291373, 46.655018293087089 ], [ 8.398781036568895, 46.674925695496839 ], [ 8.399034836126821, 46.684054677015979 ], [ 8.400678511567857, 46.691201774679421 ], [ 8.40429808625848, 46.691827905125656 ], [ 8.413434027933107, 46.690949523077094 ], [ 8.437318979440343, 46.686658578091638 ], [ 8.452135751013962, 46.689028808596028 ], [ 8.454703490597383, 46.694871511745539 ], [ 8.454309838008131, 46.707307818821597 ], [ 8.449991339628358, 46.72949486874036 ], [ 8.450917216397906, 46.764202950918261 ], [ 8.521054677476622, 46.779456078701827 ], [ 8.530896190199357, 46.806288203764318 ], [ 8.534774008027876, 46.840400768433341 ], [ 8.470003578653984, 46.856539529587394 ], [ 8.466798022785605, 46.897437463056903 ], [ 8.485622889078721, 46.9179127594752 ], [ 8.494921450565823, 46.918070266602513 ], [ 8.511188335415561, 46.916740591029928 ], [ 8.545641321031193, 46.927702847574935 ], [ 8.592420762274202, 46.982954254424357 ], [ 8.59496617519558, 46.987615576044149 ], [ 8.593504463680684, 46.99483616846301 ], [ 8.657812462171746, 46.958338574172764 ], [ 8.688923506049743, 46.956500973721887 ], [ 8.708256149505422, 46.953931358900086 ], [ 8.740704080680239, 46.933694121112801 ], [ 8.736652027377964, 46.930690322919624 ], [ 8.707397300053428, 46.916452981178985 ] ] ] } },
{ "type": "Feature", "properties": { "region_id": 46, "Name": "Surselva" }, "geometry": { "type": "Polygon", "coordinates": [ [ [ 9.385221903482712, 46.855662309845322 ], [ 9.407846657427626, 46.822638494672447 ], [ 9.372713285409159, 46.790845375827558 ], [ 9.369346032554537, 46.794492606505436 ], [ 9.364775988043577, 46.797494160005357 ], [ 9.348705463595936, 46.804323637968864 ], [ 9.320449560905461, 46.807977915795036 ], [ 9.311316902078381, 46.808397934155792 ], [ 9.300449029869178, 46.80525534645524 ], [ 9.299880707927759, 46.801323521217988 ], [ 9.30063346576544, 46.797703085689783 ], [ 9.297808760740093, 46.795202690901199 ], [ 9.257821424654381, 46.783924524297959 ], [ 9.222898089737662, 46.777934219174433 ], [ 9.213124599680137, 46.777447698955605 ], [ 9.200435579352771, 46.763490841844195 ], [ 9.142083383749718, 46.733847834581127 ], [ 9.127669607823702, 46.723633984528149 ], [ 9.090660592182925, 46.687475280445021 ], [ 9.08586296328042, 46.684503561363314 ], [ 9.040299055369042, 46.675219813270694 ], [ 9.034638737209677, 46.674768378731663 ], [ 9.018855980698849, 46.675924039203721 ], [ 9.032213130443479, 46.602328285348356 ], [ 8.920938331509989, 46.621241440504548 ], [ 8.915715139220612, 46.595442497992892 ], [ 8.913945492878932, 46.591335755998543 ], [ 8.911604377690384, 46.588756908277645 ], [ 8.904506767216786, 46.584008100903993 ], [ 8.841963443087296, 46.56342875948561 ], [ 8.836585893128934, 46.563297048106755 ], [ 8.831662229243294, 46.564581051386554 ], [ 8.830798231284247, 46.568010490895652 ], [ 8.828548092397527, 46.570809083119912 ], [ 8.812550961263613, 46.569662872855311 ], [ 8.782149844260758, 46.557367348887013 ], [ 8.777752889901491, 46.549393969540596 ], [ 8.759353445065077, 46.552092295390615 ], [ 8.700957117395971, 46.558297497864899 ], [ 8.696196447120025, 46.559411851278888 ], [ 8.692378567096231, 46.561820141476424 ], [ 8.680306138213657, 46.579118288225686 ], [ 8.679767409333959, 46.59487738401085 ], [ 8.676489391791813, 46.616451135333548 ], [ 8.668388698944124, 46.619642761057463 ], [ 8.659979483027522, 46.624825365375543 ], [ 8.651346111946541, 46.634058193419861 ], [ 8.652126745326104, 46.637414613490066 ], [ 8.670764435209389, 46.659715130022164 ], [ 8.693724658307147, 46.701406963735792 ], [ 8.710847124611568, 46.69993970707695 ], [ 8.80322717247271, 46.733257539000263 ], [ 8.81263822105578, 46.737481073259907 ], [ 8.839975603413054, 46.794917442778527 ], [ 8.877881587200399, 46.813330608757468 ], [ 8.929146399178588, 46.79718955668438 ], [ 8.945287719560394, 46.802843870369628 ], [ 8.958383108533759, 46.805846377501865 ], [ 8.99183985008013, 46.810083930900923 ], [ 9.04452382948042, 46.859892991260075 ], [ 9.069133176049036, 46.875991717418017 ], [ 9.079631359965237, 46.875616666251901 ], [ 9.100568659388724, 46.872966092374241 ], [ 9.10921381278332, 46.869979003721724 ], [ 9.122504333319288, 46.859940982106451 ], [ 9.127411831473207, 46.858743939429132 ], [ 9.179955264433133, 46.87326965187188 ], [ 9.203810764467701, 46.882945264903093 ], [ 9.208822824128594, 46.88969696981512 ], [ 9.225977099361133, 46.905113077784321 ], [ 9.247744189160535, 46.916045092397425 ], [ 9.294416858866276, 46.907811803107442 ], [ 9.334571112605513, 46.903482520739452 ], [ 9.373756354150778, 46.897562783214795 ], [ 9.378255127700333, 46.896001940548395 ], [ 9.385221903482712, 46.855662309845322 ] ] ] } },
{ "type": "Feature", "properties": { "region_id": 47, "Name": "Alpstein" }, "geometry": { "type": "Polygon", "coordinates": [ [ [ 9.583041331158649, 47.481511359593107 ], [ 9.59474306634808, 47.464387832698243 ], [ 9.59877609472702, 47.463070930474494 ], [ 9.602245272462634, 47.463878824427056 ], [ 9.605456327304219, 47.470071898625591 ], [ 9.60795775698988, 47.470888758422241 ], [ 9.620905402865768, 47.458516612085518 ], [ 9.646125826256672, 47.455653531164842 ], [ 9.658778446052372, 47.452082159986766 ], [ 9.659894732903959, 47.449271455213172 ], [ 9.639198014349883, 47.444358686080179 ], [ 9.553885946481605, 47.430223822864221 ], [ 9.524188330197923, 47.421838242161151 ], [ 9.467133861149241, 47.390958931680593 ], [ 9.461744031069063, 47.344636649101012 ], [ 9.479390193915753, 47.317333694489648 ], [ 9.530115855237955, 47.269043267703971 ], [ 9.50404642160782, 47.247820155779578 ], [ 9.497510984300417, 47.24658751682302 ], [ 9.405114453065217, 47.236982334281663 ], [ 9.381702851414865, 47.235823197339585 ], [ 9.3680741685464, 47.23959729657021 ], [ 9.362001925238262, 47.237530520401613 ], [ 9.355447592060534, 47.232691292939116 ], [ 9.343077460454211, 47.212877586474825 ], [ 9.344985786608806, 47.210479703259658 ], [ 9.355829455414494, 47.203947461438567 ], [ 9.357459701309303, 47.200447306236782 ], [ 9.358497758043409, 47.192593267421564 ], [ 9.33989473467809, 47.162014155815825 ], [ 9.336566592597048, 47.159675821998754 ], [ 9.327720672733417, 47.155718673064399 ], [ 9.317618449105698, 47.15313100521869 ], [ 9.313368652027139, 47.154181089284762 ], [ 9.287119248749297, 47.15527187874919 ], [ 9.256650964159672, 47.152563636465082 ], [ 9.243637550256841, 47.149952545770198 ], [ 9.205099711057098, 47.163092998475591 ], [ 9.175667894258572, 47.174418626021676 ], [ 9.15575784369506, 47.174006798582646 ], [ 9.131399079282335, 47.179343080871028 ], [ 9.122304999358148, 47.185549372050986 ], [ 9.078153883862162, 47.252860827278433 ], [ 9.034247713745044, 47.266612040582892 ], [ 9.023965435907369, 47.284422774368139 ], [ 9.025045529536325, 47.293629138258808 ], [ 9.022495792497839, 47.296381072986314 ], [ 9.00257065911603, 47.305964147618916 ], [ 8.97085103415337, 47.295711484743016 ], [ 8.965996970939257, 47.293364911769785 ], [ 8.890849692126526, 47.316124106162256 ], [ 8.848871700250939, 47.346969832511824 ], [ 8.855290303706974, 47.360888658368459 ], [ 8.884144921122401, 47.352812578893861 ], [ 8.888904624179473, 47.352114173585534 ], [ 8.912161830804299, 47.352089510678525 ], [ 8.969126266669326, 47.367442124093863 ], [ 8.973734656174164, 47.370214682868799 ], [ 9.007551873716723, 47.406095031434731 ], [ 9.034014828659199, 47.439728456602097 ], [ 9.020221049059455, 47.452089386527604 ], [ 9.024535804953985, 47.45891212601137 ], [ 9.037502102121842, 47.473270907859231 ], [ 9.066252236645843, 47.49533267820712 ], [ 9.07082346265851, 47.497229396008258 ], [ 9.099682441881127, 47.504915130721251 ], [ 9.125580234710506, 47.490156060247941 ], [ 9.158433685143898, 47.491102849654212 ], [ 9.168597053316423, 47.496295038044863 ], [ 9.178299426919912, 47.497481026370977 ], [ 9.233102006093786, 47.496851201752797 ], [ 9.233233930241051, 47.525529030399881 ], [ 9.260505345979741, 47.52913347040645 ], [ 9.28948288142522, 47.525930080757718 ], [ 9.290680433012009, 47.516086954357576 ], [ 9.33548307230785, 47.488111157158833 ], [ 9.340095885495376, 47.485714334031783 ], [ 9.388771360296753, 47.471049202958397 ], [ 9.435196052462093, 47.493594982492759 ], [ 9.442094810244564, 47.50194174831222 ], [ 9.443746133408023, 47.505241966984165 ], [ 9.521069486415115, 47.558299057764941 ], [ 9.553656628452078, 47.528207561745489 ], [ 9.561670958363599, 47.496409002690392 ], [ 9.566420907882199, 47.491697199713222 ], [ 9.583041331158649, 47.481511359593107 ] ] ] } },
{ "type": "Feature", "properties": { "region_id": 48, "Name": "Glarner Alpen" }, "geometry": { "type": "Polygon", "coordinates": [ [ [ 9.131399079282335, 47.179343080871028 ], [ 9.15575784369506, 47.174006798582646 ], [ 9.175667894258572, 47.174418626021676 ], [ 9.205099711057098, 47.163092998475591 ], [ 9.243637550256841, 47.149952545770198 ], [ 9.256650964159672, 47.152563636465082 ], [ 9.287119248749297, 47.15527187874919 ], [ 9.313368652027139, 47.154181089284762 ], [ 9.317618449105698, 47.15313100521869 ], [ 9.323513485682456, 47.147870012442979 ], [ 9.360835157095508, 47.134250642568738 ], [ 9.365598567521175, 47.134350830491684 ], [ 9.379391278503476, 47.136926003964405 ], [ 9.396708336133656, 47.130189993699794 ], [ 9.423254698114013, 47.102273502406923 ], [ 9.425252139477632, 47.098216962351771 ], [ 9.435364897655655, 47.052089495564466 ], [ 9.475023154903987, 47.054982789848296 ], [ 9.509289734483191, 47.009189806343528 ], [ 9.523065793020747, 46.996396613112459 ], [ 9.510856919929383, 46.985055220474088 ], [ 9.503009358301856, 46.952299205136889 ], [ 9.463686655595593, 46.887341175397744 ], [ 9.45212432967233, 46.875793557868199 ], [ 9.441873455010347, 46.867974134969209 ], [ 9.42503018481491, 46.858459915191133 ], [ 9.385221903482712, 46.855662309845322 ], [ 9.378255127700333, 46.896001940548395 ], [ 9.373756354150778, 46.897562783214795 ], [ 9.334571112605513, 46.903482520739452 ], [ 9.294416858866276, 46.907811803107442 ], [ 9.247744189160535, 46.916045092397425 ], [ 9.225977099361133, 46.905113077784321 ], [ 9.208822824128594, 46.88969696981512 ], [ 9.203810764467701, 46.882945264903093 ], [ 9.179955264433133, 46.87326965187188 ], [ 9.127411831473207, 46.858743939429132 ], [ 9.122504333319288, 46.859940982106451 ], [ 9.10921381278332, 46.869979003721724 ], [ 9.100568659388724, 46.872966092374241 ], [ 9.079631359965237, 46.875616666251901 ], [ 9.069133176049036, 46.875991717418017 ], [ 9.04452382948042, 46.859892991260075 ], [ 8.99183985008013, 46.810083930900923 ], [ 8.958383108533759, 46.805846377501865 ], [ 8.945287719560394, 46.802843870369628 ], [ 8.929146399178588, 46.79718955668438 ], [ 8.877881587200399, 46.813330608757468 ], [ 8.850000578254123, 46.842054298472227 ], [ 8.855130819444375, 46.873083714509342 ], [ 8.87890818291139, 46.89631342913983 ], [ 8.894897532202895, 46.905152873684948 ], [ 8.903933411035815, 46.9091670941174 ], [ 8.93710399223899, 46.933029209465552 ], [ 8.94414193127006, 46.965775342933703 ], [ 8.926909368154675, 46.955699138366072 ], [ 8.921895200842092, 46.95398280093692 ], [ 8.917842576549262, 46.954727947914726 ], [ 8.903028083432394, 46.975214854473982 ], [ 8.901834179768992, 46.982049595513942 ], [ 8.902228422314209, 46.991689003186437 ], [ 8.898195238672404, 46.995680955567451 ], [ 8.887371192349889, 46.999497851104444 ], [ 8.859013614525415, 47.005241556215324 ], [ 8.874025061861234, 47.031999362099555 ], [ 8.882017633244349, 47.03758491707331 ], [ 8.885212452320273, 47.038939152387961 ], [ 8.890587152156476, 47.039626984247981 ], [ 8.916640219526023, 47.039483311006343 ], [ 8.922757814589849, 47.040366992935226 ], [ 8.931250502993725, 47.042883862221395 ], [ 8.949098129654365, 47.04993764466046 ], [ 8.961503008448668, 47.077474468861404 ], [ 8.960807600578175, 47.089620143593955 ], [ 8.956152936408229, 47.091777944774663 ], [ 8.955564771131261, 47.09566324788625 ], [ 8.967485638607563, 47.137150374496663 ], [ 8.993873792901081, 47.165954277902706 ], [ 9.00533370410303, 47.172591151634848 ], [ 9.056000983447902, 47.136110043111856 ], [ 9.063911117761299, 47.1317520044473 ], [ 9.072661059223217, 47.129468719076201 ], [ 9.099043931553481, 47.133849951079192 ], [ 9.101114172625563, 47.13938008006081 ], [ 9.090391011406947, 47.165328445770271 ], [ 9.092091680451603, 47.168281937686324 ], [ 9.122304999358148, 47.185549372050986 ], [ 9.131399079282335, 47.179343080871028 ] ] ] } },
{ "type": "Feature", "properties": { "region_id": 49, "Name": "nördliches Mittelbünden" }, "geometry": { "type": "Polygon", "coordinates": [ [ [ 9.810882287463151, 46.846748678360946 ], [ 9.808793131475531, 46.839520469650047 ], [ 9.806741465906873, 46.824488921738897 ], [ 9.804007818148573, 46.818074942021319 ], [ 9.769858231586037, 46.792057835265815 ], [ 9.741886994164346, 46.780809423107598 ], [ 9.732582105061587, 46.768415800327929 ], [ 9.713382972857005, 46.745798049895789 ], [ 9.699861947581972, 46.739929393347325 ], [ 9.656726485886065, 46.72424500380334 ], [ 9.644098188412595, 46.720719328356452 ], [ 9.639013764606252, 46.720538579987128 ], [ 9.612590914305869, 46.727578587681599 ], [ 9.571966915716333, 46.661997330136678 ], [ 9.501077130564436, 46.625841465368538 ], [ 9.494804013744899, 46.584903040946813 ], [ 9.405074608822208, 46.583808035652822 ], [ 9.398842080458438, 46.585409340443654 ], [ 9.394479135797026, 46.588912820556899 ], [ 9.375035430046132, 46.598135777918465 ], [ 9.311413962979977, 46.597518044454759 ], [ 9.23276365259113, 46.574661868792774 ], [ 9.207348124016081, 46.559961489602998 ], [ 9.120200713080695, 46.522656601437376 ], [ 9.065890854595343, 46.51075174217732 ], [ 9.038762554028942, 46.495463426770506 ], [ 9.025435765605254, 46.506177419504979 ], [ 9.022766422572364, 46.509363780723959 ], [ 9.020535848965368, 46.525797197277434 ], [ 9.020426323454616, 46.548373280960618 ], [ 9.023457344695032, 46.55880408160683 ], [ 9.026480615197777, 46.565375021468348 ], [ 9.030410516656284, 46.570808524693632 ], [ 9.036041285619374, 46.575489235786584 ], [ 9.041828236720075, 46.586726626500301 ], [ 9.040941256977232, 46.589384372666238 ], [ 9.032213130443479, 46.602328285348356 ], [ 9.018855980698849, 46.675924039203721 ], [ 9.034638737209677, 46.674768378731663 ], [ 9.040299055369042, 46.675219813270694 ], [ 9.08586296328042, 46.684503561363314 ], [ 9.090660592182925, 46.687475280445021 ], [ 9.127669607823702, 46.723633984528149 ], [ 9.142083383749718, 46.733847834581127 ], [ 9.200435579352771, 46.763490841844195 ], [ 9.213124599680137, 46.777447698955605 ], [ 9.222898089737662, 46.777934219174433 ], [ 9.257821424654381, 46.783924524297959 ], [ 9.297808760740093, 46.795202690901199 ], [ 9.30063346576544, 46.797703085689783 ], [ 9.299880707927759, 46.801323521217988 ], [ 9.300449029869178, 46.80525534645524 ], [ 9.311316902078381, 46.808397934155792 ], [ 9.320449560905461, 46.807977915795036 ], [ 9.348705463595936, 46.804323637968864 ], [ 9.364775988043577, 46.797494160005357 ], [ 9.369346032554537, 46.794492606505436 ], [ 9.372713285409159, 46.790845375827558 ], [ 9.407846657427626, 46.822638494672447 ], [ 9.415662629604199, 46.830574920754643 ], [ 9.448984616853, 46.840242642799801 ], [ 9.460862362956993, 46.840860956150337 ], [ 9.483072062538026, 46.845567936158787 ], [ 9.488629710852173, 46.847897968350203 ], [ 9.506956479870922, 46.863369106666894 ], [ 9.512106113695507, 46.858101731105059 ], [ 9.526025546600412, 46.853061245749771 ], [ 9.534949824682947, 46.850828286535481 ], [ 9.554707569962934, 46.85027529307694 ], [ 9.564763530225976, 46.852491338687877 ], [ 9.579793857422409, 46.857394046438479 ], [ 9.58155203112714, 46.860366661578247 ], [ 9.591541427227707, 46.866415095474245 ], [ 9.611025464153785, 46.871292865122413 ], [ 9.768114373827467, 46.867165755370216 ], [ 9.780793845267761, 46.865151869518257 ], [ 9.785406380359529, 46.863509405718865 ], [ 9.808915820428442, 46.850047271357802 ], [ 9.810882287463151, 46.846748678360946 ] ] ] } },
{ "type": "Feature", "properties": { "region_id": 50, "Name": "südliches Mittelbünden" }, "geometry": { "type": "Polygon", "coordinates": [ [ [ 9.923242034035297, 46.810674814201008 ], [ 9.933354552633121, 46.809104393487743 ], [ 9.945526168592002, 46.812356872332458 ], [ 9.96578288556416, 46.762437048573425 ], [ 9.949753987051148, 46.746734799821375 ], [ 9.942739695202921, 46.737510936978438 ], [ 9.94435765271049, 46.724722315771452 ], [ 9.948667323243303, 46.721711506010941 ], [ 9.953208113910533, 46.721422457110037 ], [ 9.957099119445374, 46.718429543530213 ], [ 9.958978334096265, 46.715237973481699 ], [ 9.956895586142101, 46.695573700831957 ], [ 9.954463208535769, 46.693062381640594 ], [ 9.878721916709596, 46.684476358888737 ], [ 9.867555403701886, 46.676669079188862 ], [ 9.865476149232752, 46.674337432558531 ], [ 9.836373788154104, 46.584326008382348 ], [ 9.842986385594424, 46.573638618183111 ], [ 9.72544294370579, 46.550504719121264 ], [ 9.694473477875956, 46.541692240659103 ], [ 9.696280315069725, 46.523729663981946 ], [ 9.700988532957309, 46.512224807102712 ], [ 9.705654645554763, 46.510034918276098 ], [ 9.72017470455128, 46.510023165186062 ], [ 9.724558194304734, 46.509188074993176 ], [ 9.73738166262924, 46.502989598214768 ], [ 9.731052655670643, 46.480942806346384 ], [ 9.727255065919511, 46.474620804403216 ], [ 9.724703776666288, 46.472503344947029 ], [ 9.730963480065968, 46.458823863318287 ], [ 9.731065778458152, 46.455392989773813 ], [ 9.729439304008714, 46.452033031267156 ], [ 9.719033440208429, 46.441146323066064 ], [ 9.716175288471671, 46.439115871682162 ], [ 9.705407960798501, 46.440006504633047 ], [ 9.688948246326582, 46.434232657321829 ], [ 9.678314960854109, 46.4282695848892 ], [ 9.664447427766035, 46.418274416986264 ], [ 9.660891719870985, 46.414699453981669 ], [ 9.59576668056437, 46.41232151669805 ], [ 9.570930979975946, 46.401434589551492 ], [ 9.555629875654795, 46.378999058888475 ], [ 9.545766887876388, 46.371110878953566 ], [ 9.540589891121162, 46.369695231110597 ], [ 9.525197846593011, 46.36766705343085 ], [ 9.499711704294617, 46.365424957135708 ], [ 9.491712876919259, 46.365993142523266 ], [ 9.462483932686128, 46.37521177301123 ], [ 9.468740063670506, 46.386753134026819 ], [ 9.468029737262873, 46.404619210356856 ], [ 9.465161357922394, 46.411059566041885 ], [ 9.455307674312882, 46.418614127509969 ], [ 9.454413432038464, 46.421860532407699 ], [ 9.460195090202717, 46.437334259379078 ], [ 9.461307734382238, 46.460530908669789 ], [ 9.466631400933258, 46.471261274727318 ], [ 9.462053149044198, 46.50700453431503 ], [ 9.432090340351257, 46.495656267512942 ], [ 9.426119822566083, 46.488832054887027 ], [ 9.422195787826414, 46.473819165030378 ], [ 9.412654062885847, 46.466813696966426 ], [ 9.389569343614971, 46.473817669651076 ], [ 9.385073044091342, 46.481714467700449 ], [ 9.378268125298174, 46.484116515042359 ], [ 9.369041713794376, 46.492795197573763 ], [ 9.371756227965589, 46.502413259789265 ], [ 9.363841918374607, 46.508522577941008 ], [ 9.352939994593564, 46.504648587125693 ], [ 9.312789338658133, 46.504265366284578 ], [ 9.302578178528716, 46.499502393928871 ], [ 9.283862486917423, 46.496316728899636 ], [ 9.246741824849222, 46.497876552945755 ], [ 9.206315581285516, 46.504802462355066 ], [ 9.134114881924202, 46.489536183558769 ], [ 9.114055986801546, 46.479522543909376 ], [ 9.08561781727879, 46.474207125872205 ], [ 9.038762554028942, 46.495463426770506 ], [ 9.065890854595343, 46.51075174217732 ], [ 9.120200713080695, 46.522656601437376 ], [ 9.207348124016081, 46.559961489602998 ], [ 9.23276365259113, 46.574661868792774 ], [ 9.311413962979977, 46.597518044454759 ], [ 9.375035430046132, 46.598135777918465 ], [ 9.394479135797026, 46.588912820556899 ], [ 9.398842080458438, 46.585409340443654 ], [ 9.405074608822208, 46.583808035652822 ], [ 9.494804013744899, 46.584903040946813 ], [ 9.501077130564436, 46.625841465368538 ], [ 9.571966915716333, 46.661997330136678 ], [ 9.612590914305869, 46.727578587681599 ], [ 9.639013764606252, 46.720538579987128 ], [ 9.644098188412595, 46.720719328356452 ], [ 9.656726485886065, 46.72424500380334 ], [ 9.699861947581972, 46.739929393347325 ], [ 9.713382972857005, 46.745798049895789 ], [ 9.732582105061587, 46.768415800327929 ], [ 9.741886994164346, 46.780809423107598 ], [ 9.769858231586037, 46.792057835265815 ], [ 9.804007818148573, 46.818074942021319 ], [ 9.806741465906873, 46.824488921738897 ], [ 9.808793131475531, 46.839520469650047 ], [ 9.835861623967554, 46.834204111017158 ], [ 9.883051364690179, 46.823367675113211 ], [ 9.923242034035297, 46.810674814201008 ] ] ] } },
{ "type": "Feature", "properties": { "region_id": 51, "Name": "Rheintal" }, "geometry": { "type": "MultiPolygon", "coordinates": [ [ [ [ 9.530115855237955, 47.269043267703971 ], [ 9.564749509271106, 47.242810489398579 ], [ 9.554145243979066, 47.225270961305945 ], [ 9.572531616941147, 47.216680494260082 ], [ 9.585571553164769, 47.204650594425871 ], [ 9.574882687496872, 47.188940998269452 ], [ 9.573848993654003, 47.17826150115831 ], [ 9.56849560247049, 47.170091537830587 ], [ 9.580187456281164, 47.169793429088678 ], [ 9.590415635880351, 47.165913270069879 ], [ 9.5968762476616, 47.1615540586996 ], [ 9.604336902250067, 47.150966858341228 ], [ 9.623721787586776, 47.149880177236973 ], [ 9.625343384065406, 47.13630689205543 ], [ 9.634909832548765, 47.128421880211704 ], [ 9.622894549987162, 47.107324802271563 ], [ 9.632530846138465, 47.095794153518142 ], [ 9.63206980114151, 47.084536915768403 ], [ 9.61687591650681, 47.077627443845991 ], [ 9.614138486755126, 47.066008403456664 ], [ 9.60828658682054, 47.061988899723957 ], [ 9.558340805229852, 47.04837200938298 ], [ 9.554248709477461, 47.050094216785908 ], [ 9.53962895304074, 47.06437305292738 ], [ 9.494032363313568, 47.054571911653504 ], [ 9.487292284336826, 47.049428566257156 ], [ 9.481113534161892, 47.054838562533583 ], [ 9.475023154903987, 47.054982789848296 ], [ 9.435364897655655, 47.052089495564466 ], [ 9.425252139477632, 47.098216962351771 ], [ 9.423254698114013, 47.102273502406923 ], [ 9.396708336133656, 47.130189993699794 ], [ 9.379391278503476, 47.136926003964405 ], [ 9.365598567521175, 47.134350830491684 ], [ 9.360835157095508, 47.134250642568738 ], [ 9.323513485682456, 47.147870012442979 ], [ 9.317618449105698, 47.15313100521869 ], [ 9.327720672733417, 47.155718673064399 ], [ 9.336566592597048, 47.159675821998754 ], [ 9.33989473467809, 47.162014155815825 ], [ 9.358497758043409, 47.192593267421564 ], [ 9.357459701309303, 47.200447306236782 ], [ 9.355829455414494, 47.203947461438567 ], [ 9.344985786608806, 47.210479703259658 ], [ 9.343077460454211, 47.212877586474825 ], [ 9.355447592060534, 47.232691292939116 ], [ 9.362001925238262, 47.237530520401613 ], [ 9.3680741685464, 47.23959729657021 ], [ 9.381702851414865, 47.235823197339585 ], [ 9.405114453065217, 47.236982334281663 ], [ 9.497510984300417, 47.24658751682302 ], [ 9.50404642160782, 47.247820155779578 ], [ 9.530115855237955, 47.269043267703971 ] ] ], [ [ [ 9.530115855237955, 47.269043267703971 ], [ 9.479390193915753, 47.317333694489648 ], [ 9.461744031069063, 47.344636649101012 ], [ 9.467133861149241, 47.390958931680593 ], [ 9.524188330197923, 47.421838242161151 ], [ 9.553885946481605, 47.430223822864221 ], [ 9.639198014349883, 47.444358686080179 ], [ 9.659894732903959, 47.449271455213172 ], [ 9.643664648233452, 47.437885276124511 ], [ 9.642729791488817, 47.431964679553758 ], [ 9.652352816932543, 47.40541751056741 ], [ 9.657722735507575, 47.399429941975882 ], [ 9.66955751453979, 47.392804510020383 ], [ 9.673397545542157, 47.388006397502998 ], [ 9.671694512893568, 47.378672572322579 ], [ 9.667392292692238, 47.373995832500917 ], [ 9.659817955781502, 47.370236744355203 ], [ 9.625434443223069, 47.366034418981606 ], [ 9.615486448226465, 47.361120738606836 ], [ 9.598361680407297, 47.345048622589069 ], [ 9.584496650605743, 47.31402220865796 ], [ 9.557665625618078, 47.299042310030323 ], [ 9.546784282581601, 47.280067670250901 ], [ 9.530115855237955, 47.269043267703971 ] ] ] ] } },
{ "type": "Feature", "properties": { "region_id": 52, "Name": "Prättigau" }, "geometry": { "type": "Polygon", "coordinates": [ [ [ 9.680403383311674, 47.062447595649047 ], [ 9.708972165988444, 47.048900787872896 ], [ 9.73971525001898, 47.044328831999159 ], [ 9.752460732131642, 47.038277172926513 ], [ 9.76723227007551, 47.039544091176516 ], [ 9.784269007546659, 47.038108109491368 ], [ 9.798473354165081, 47.031553401269235 ], [ 9.808078743679919, 47.024938980072321 ], [ 9.820346013250008, 47.02113018471524 ], [ 9.832608462583364, 47.014008413780296 ], [ 9.846959384963169, 47.015381745346517 ], [ 9.862522356393068, 47.02201029968181 ], [ 9.876026338286383, 47.019159236208992 ], [ 9.877196285513314, 47.017685457158116 ], [ 9.874115353814243, 47.012720273743675 ], [ 9.874106035452799, 47.006429883886256 ], [ 9.889428582886531, 46.999137739641235 ], [ 9.891759007179012, 46.99630704435134 ], [ 9.883713871777349, 46.973323267273805 ], [ 9.87471783571913, 46.964569419079233 ], [ 9.880788983333524, 46.956718556555849 ], [ 9.877670751125253, 46.94912641172936 ], [ 9.883524394318931, 46.940874988383563 ], [ 9.88065462198742, 46.934690539233493 ], [ 9.895607268794393, 46.931265743579402 ], [ 9.934661068248996, 46.914194273363023 ], [ 9.947395216837489, 46.912385845221671 ], [ 9.95923413958187, 46.913907660711118 ], [ 9.972639582368911, 46.913539604600281 ], [ 9.987446885515416, 46.90340976693038 ], [ 9.995885567549303, 46.90137645763798 ], [ 10.003293857586533, 46.897574601298601 ], [ 10.014105959542912, 46.90016673405362 ], [ 10.023302558594684, 46.898087302153925 ], [ 10.043546239193979, 46.881220714555113 ], [ 10.053681140804636, 46.87828033128654 ], [ 10.052225000429788, 46.864525171928989 ], [ 10.059879469672708, 46.861379819492413 ], [ 10.075137908923937, 46.861874976927936 ], [ 10.089135114254423, 46.860201243470044 ], [ 10.096773253561325, 46.848548270042066 ], [ 10.025448918811662, 46.795085223228362 ], [ 9.96578288556416, 46.762437048573425 ], [ 9.945526168592002, 46.812356872332458 ], [ 9.933354552633121, 46.809104393487743 ], [ 9.923242034035297, 46.810674814201008 ], [ 9.883051364690179, 46.823367675113211 ], [ 9.835861623967554, 46.834204111017158 ], [ 9.808793131475531, 46.839520469650047 ], [ 9.810882287463151, 46.846748678360946 ], [ 9.808915820428442, 46.850047271357802 ], [ 9.785406380359529, 46.863509405718865 ], [ 9.780793845267761, 46.865151869518257 ], [ 9.768114373827467, 46.867165755370216 ], [ 9.611025464153785, 46.871292865122413 ], [ 9.591541427227707, 46.866415095474245 ], [ 9.58155203112714, 46.860366661578247 ], [ 9.579793857422409, 46.857394046438479 ], [ 9.564763530225976, 46.852491338687877 ], [ 9.554707569962934, 46.85027529307694 ], [ 9.534949824682947, 46.850828286535481 ], [ 9.526025546600412, 46.853061245749771 ], [ 9.512106113695507, 46.858101731105059 ], [ 9.506956479870922, 46.863369106666894 ], [ 9.488629710852173, 46.847897968350203 ], [ 9.483072062538026, 46.845567936158787 ], [ 9.460862362956993, 46.840860956150337 ], [ 9.448984616853, 46.840242642799801 ], [ 9.415662629604199, 46.830574920754643 ], [ 9.407846657427626, 46.822638494672447 ], [ 9.385221903482712, 46.855662309845322 ], [ 9.42503018481491, 46.858459915191133 ], [ 9.441873455010347, 46.867974134969209 ], [ 9.45212432967233, 46.875793557868199 ], [ 9.463686655595593, 46.887341175397744 ], [ 9.503009358301856, 46.952299205136889 ], [ 9.510856919929383, 46.985055220474088 ], [ 9.523065793020747, 46.996396613112459 ], [ 9.509289734483191, 47.009189806343528 ], [ 9.475023154903987, 47.054982789848296 ], [ 9.481113534161892, 47.054838562533583 ], [ 9.487292284336826, 47.049428566257156 ], [ 9.494032363313568, 47.054571911653504 ], [ 9.53962895304074, 47.06437305292738 ], [ 9.554248709477461, 47.050094216785908 ], [ 9.558340805229852, 47.04837200938298 ], [ 9.60828658682054, 47.061988899723957 ], [ 9.615449934140997, 47.057120073696922 ], [ 9.633907688914634, 47.050946427302442 ], [ 9.649388860434673, 47.059521779594171 ], [ 9.66615691011271, 47.059647466274726 ], [ 9.680403383311674, 47.062447595649047 ] ] ] } },
{ "type": "Feature", "properties": { "region_id": 53, "Name": "Freiberge" }, "geometry": { "type": "Polygon", "coordinates": [ [ [ 7.102662298113079, 47.302675260955617 ], [ 7.085454939933328, 47.23165606092271 ], [ 7.060795260415946, 47.217527761106076 ], [ 7.051853366958749, 47.210841847620678 ], [ 7.048377478614931, 47.20781682867549 ], [ 7.038283954955111, 47.191465474279802 ], [ 6.982017014051814, 47.163928890809217 ], [ 6.953008243974934, 47.153096767942678 ], [ 6.914260728908233, 47.135017112916387 ], [ 6.898586338610538, 47.126039267670549 ], [ 6.860686506442968, 47.100074496209253 ], [ 6.853014153746892, 47.084959647806336 ], [ 6.74639912721008, 47.023574760534558 ], [ 6.694925190287062, 47.036880084854047 ], [ 6.715328014301096, 47.048920660624674 ], [ 6.717037543698494, 47.050973393952582 ], [ 6.715961176222441, 47.052711712789183 ], [ 6.685427407350413, 47.064784764982591 ], [ 6.688659199798339, 47.068080280698048 ], [ 6.699407494114973, 47.072458895743274 ], [ 6.702446425383384, 47.077425900000151 ], [ 6.699069765024884, 47.081649965684001 ], [ 6.72107459618441, 47.088527316634988 ], [ 6.724177161636646, 47.090921453783821 ], [ 6.738923903431471, 47.092289738139755 ], [ 6.742906030692954, 47.10004990384067 ], [ 6.738877748781023, 47.105881303596156 ], [ 6.740171496321659, 47.10870470381532 ], [ 6.758214050350477, 47.117583514776911 ], [ 6.77831070896288, 47.121766803998568 ], [ 6.800828229974611, 47.128766528527656 ], [ 6.807160129451725, 47.133883812255426 ], [ 6.81595851350747, 47.136729389129911 ], [ 6.837351297045164, 47.150938804701845 ], [ 6.8487597986699, 47.156637917434438 ], [ 6.855254902074909, 47.163228498971478 ], [ 6.852373973640442, 47.164958853330965 ], [ 6.841285053715304, 47.165864143413089 ], [ 6.839384118188073, 47.168363847577986 ], [ 6.841367232832613, 47.171486461416706 ], [ 6.870978964931814, 47.185246125854135 ], [ 6.874644923442887, 47.19541949030144 ], [ 6.879643702732568, 47.200714960787607 ], [ 6.906748784630245, 47.215595311699992 ], [ 6.919273260146634, 47.220042114144235 ], [ 6.926608132745017, 47.227513770486141 ], [ 6.937128549371336, 47.230690374423482 ], [ 6.942400331303225, 47.237468359047895 ], [ 6.951517036460727, 47.241366132904986 ], [ 6.951816755696981, 47.243256304875594 ], [ 6.944099109765289, 47.250805934392837 ], [ 6.949134353803634, 47.262070914565065 ], [ 6.949472905826794, 47.269807810537856 ], [ 6.946263050372762, 47.275379817035308 ], [ 6.93854487083354, 47.28240733823106 ], [ 6.939813458520267, 47.286676324550449 ], [ 6.949906550909493, 47.291675717275957 ], [ 6.97016910650909, 47.292137816095895 ], [ 6.977532604141019, 47.2952167553659 ], [ 6.993224314418983, 47.295422516462246 ], [ 7.001334129591164, 47.299609148763246 ], [ 7.00731203943359, 47.299424849868416 ], [ 7.014672885955449, 47.313186933341044 ], [ 7.012294985141368, 47.324403330372803 ], [ 7.046712898556055, 47.328276445415902 ], [ 7.062994163037168, 47.343810242509541 ], [ 7.050495049058468, 47.346593013973894 ], [ 7.052798961358737, 47.353715359663973 ], [ 7.047625718253383, 47.362458460704957 ], [ 7.037098398706003, 47.362898923632279 ], [ 7.031654938320854, 47.368438349837511 ], [ 7.104507879127222, 47.370912477850581 ], [ 7.149881532761336, 47.378032881742492 ], [ 7.165659074219422, 47.381840016347297 ], [ 7.19250168855842, 47.390364206430618 ], [ 7.213590317948543, 47.383346918429034 ], [ 7.212039322963107, 47.374421540108358 ], [ 7.202206542043673, 47.361422932904539 ], [ 7.173507486078972, 47.337660133422204 ], [ 7.146198480678268, 47.318291814430026 ], [ 7.138524076618013, 47.314125573973776 ], [ 7.119808217527277, 47.309973685701344 ], [ 7.106944831514629, 47.30506225527381 ], [ 7.102662298113079, 47.302675260955617 ] ] ] } },
{ "type": "Feature", "properties": { "region_id": 54, "Name": "westlicher Jura" }, "geometry": { "type": "Polygon", "coordinates": [ [ [ 7.269075211390166, 47.156635750875324 ], [ 7.064976636778607, 47.046727532127065 ], [ 7.025080986355232, 47.006993561177367 ], [ 6.936505451775193, 46.991239088700347 ], [ 6.894238384378427, 46.981078888185877 ], [ 6.874170010721547, 46.968397079208508 ], [ 6.842034781156756, 46.935904350583094 ], [ 6.761528839820131, 46.877785127741689 ], [ 6.684605548290425, 46.829778633116057 ], [ 6.638273595688879, 46.8041307721493 ], [ 6.637629093234479, 46.799025601744873 ], [ 6.643798658375122, 46.791962053053808 ], [ 6.638674042554686, 46.781616953831787 ], [ 6.611084330167338, 46.762726501539021 ], [ 6.591174977680937, 46.751794038332974 ], [ 6.518785953311171, 46.717929194119201 ], [ 6.48150197411176, 46.691722013672674 ], [ 6.452843751802071, 46.670282351103218 ], [ 6.408915591143459, 46.630102647436154 ], [ 6.265332879839716, 46.489327519979042 ], [ 6.271057401008426, 46.482396227814405 ], [ 6.259794365274713, 46.457763862568321 ], [ 6.210106306027379, 46.412360498914317 ], [ 6.159406437489467, 46.376990442988522 ], [ 6.149745037219905, 46.377672559022763 ], [ 6.130266399748843, 46.392464884014927 ], [ 6.09479360879989, 46.409827390709005 ], [ 6.064580087050802, 46.41540289727088 ], [ 6.060340978980396, 46.417384722188622 ], [ 6.071541620163952, 46.431303862816577 ], [ 6.082528966371077, 46.439416221141272 ], [ 6.085555639576973, 46.444328759466572 ], [ 6.084593087965529, 46.446908391195016 ], [ 6.074374839668311, 46.454172381328142 ], [ 6.073042905148238, 46.464143004066635 ], [ 6.096772659045349, 46.480656832373086 ], [ 6.109421184517698, 46.506545946807556 ], [ 6.115046183404917, 46.512567648493771 ], [ 6.135032277761555, 46.52950616324479 ], [ 6.143024028811823, 46.528922902861723 ], [ 6.151238445749524, 46.535404106613932 ], [ 6.148814417856979, 46.539740045841263 ], [ 6.153445223575005, 46.544030058021619 ], [ 6.153225711558012, 46.546132825058137 ], [ 6.112847184373488, 46.573037011163287 ], [ 6.111336284507369, 46.576123287689406 ], [ 6.158984363578175, 46.6080237122328 ], [ 6.178789615367275, 46.615784190831448 ], [ 6.195408365896183, 46.629471154439642 ], [ 6.218617797195454, 46.643217470177397 ], [ 6.260846271099768, 46.67269439981667 ], [ 6.269819216854242, 46.683825620529831 ], [ 6.28249064918303, 46.69094529147079 ], [ 6.307861766504868, 46.698703148321009 ], [ 6.322768198536635, 46.705660488885535 ], [ 6.338486955022688, 46.708251456050185 ], [ 6.351063832317267, 46.71365312070786 ], [ 6.370022998961109, 46.723854481509079 ], [ 6.370192163315938, 46.730495333714359 ], [ 6.385952608870719, 46.731433733458609 ], [ 6.391008148932602, 46.737219948472578 ], [ 6.390220273435325, 46.743411117386557 ], [ 6.393927830050507, 46.747250580141845 ], [ 6.422258692553208, 46.752994474166591 ], [ 6.432938225973239, 46.756552746436498 ], [ 6.436174331683811, 46.759909837270691 ], [ 6.437406201219442, 46.766874693369509 ], [ 6.45128968822152, 46.775128292771861 ], [ 6.455397599095971, 46.788945833336726 ], [ 6.434483934119008, 46.800701450897826 ], [ 6.429607767172763, 46.810626118695708 ], [ 6.439154255833685, 46.815154226049842 ], [ 6.438184415551092, 46.822909351468752 ], [ 6.440932212248856, 46.830211235638636 ], [ 6.459515586333329, 46.851260969249623 ], [ 6.464455267606898, 46.889806041430404 ], [ 6.437912027523832, 46.918516687431847 ], [ 6.431109481062849, 46.929791839552671 ], [ 6.4556212325741, 46.940134593305366 ], [ 6.483255511349729, 46.96671760089702 ], [ 6.495343744197008, 46.97351976822209 ], [ 6.498670382427888, 46.973430198496139 ], [ 6.505192024395011, 46.96722252416177 ], [ 6.508916484718649, 46.966902014853588 ], [ 6.566103430052997, 46.980756027346949 ], [ 6.597678893832466, 46.99228195038048 ], [ 6.61445611717873, 46.990460944331254 ], [ 6.633671710180287, 46.998639756125733 ], [ 6.639997904832028, 47.002929973941235 ], [ 6.649163676585742, 47.018951622614921 ], [ 6.658443459853129, 47.027524968372028 ], [ 6.67858273995245, 47.035990197538169 ], [ 6.694925190287062, 47.036880084854047 ], [ 6.74639912721008, 47.023574760534558 ], [ 6.853014153746892, 47.084959647806336 ], [ 6.858821603270345, 47.078908431453584 ], [ 6.872518958630738, 47.074911101630953 ], [ 6.904794982295135, 47.082406093982556 ], [ 6.922252801654103, 47.093703028911584 ], [ 6.930366873763351, 47.10057558322675 ], [ 6.933834995528584, 47.107166319312512 ], [ 6.939313630415097, 47.110203666960828 ], [ 7.011257961084236, 47.135716503742373 ], [ 7.028135482658978, 47.133349544828675 ], [ 7.039123208678586, 47.125247927141857 ], [ 7.05975122654995, 47.134133040464619 ], [ 7.133758903639982, 47.155707728258982 ], [ 7.139775529574145, 47.15506695524936 ], [ 7.142063055323151, 47.14208430499157 ], [ 7.143554923973852, 47.139308737858315 ], [ 7.167886300444922, 47.129591402587707 ], [ 7.185072644025177, 47.132446164470416 ], [ 7.217797001635764, 47.145970313485236 ], [ 7.269075211390166, 47.156635750875324 ] ] ] } },
{ "type": "Feature", "properties": { "region_id": 55, "Name": "westliches Mittelland" }, "geometry": { "type": "Polygon", "coordinates": [ [ [ 7.198801153172244, 46.896489256420011 ], [ 7.148205294345957, 46.863943360564704 ], [ 7.14267708557114, 46.865179490532448 ], [ 7.07600622098017, 46.842795208210561 ], [ 7.075320705537062, 46.837548691371246 ], [ 7.068304333212859, 46.819031471170618 ], [ 7.054899842586938, 46.811565848130684 ], [ 7.028184047394895, 46.775607631999264 ], [ 7.090021091946008, 46.794299520566781 ], [ 7.108728716937649, 46.797962451883549 ], [ 7.120242273249679, 46.798022223670976 ], [ 7.131159548719841, 46.785557548585132 ], [ 7.117295603333021, 46.78041881092436 ], [ 7.109335665146736, 46.775889318704451 ], [ 7.088047587685192, 46.755522869465921 ], [ 7.080628548414892, 46.745370802760021 ], [ 7.081959396956562, 46.742019649648086 ], [ 7.1034333927498, 46.729266334254525 ], [ 7.10623592312634, 46.726674852095464 ], [ 7.103717175385179, 46.721513015094104 ], [ 7.000916017536527, 46.647885362936776 ], [ 6.964278672625257, 46.623782755396476 ], [ 6.951086435311176, 46.596892642171973 ], [ 6.968834416436413, 46.575962460856807 ], [ 6.969052077542555, 46.565942112480528 ], [ 6.95739769277854, 46.547730852272409 ], [ 6.902695256104387, 46.533901908163934 ], [ 6.874565528090304, 46.511419843609978 ], [ 6.866645766781276, 46.502582227049025 ], [ 6.824957610344139, 46.493368323446042 ], [ 6.78563232520452, 46.505338062241904 ], [ 6.763350121341944, 46.562988379938773 ], [ 6.718163987654518, 46.5615860757121 ], [ 6.698322029290328, 46.567656636397274 ], [ 6.690328512531962, 46.565616117291647 ], [ 6.678875853992168, 46.565674990729782 ], [ 6.615389724905269, 46.593390089294395 ], [ 6.600795143971558, 46.607991964945718 ], [ 6.585328102306121, 46.631851421585807 ], [ 6.568759862757865, 46.642943977252202 ], [ 6.452843751802071, 46.670282351103218 ], [ 6.48150197411176, 46.691722013672674 ], [ 6.518785953311171, 46.717929194119201 ], [ 6.591174977680937, 46.751794038332974 ], [ 6.611084330167338, 46.762726501539021 ], [ 6.638674042554686, 46.781616953831787 ], [ 6.643798658375076, 46.791962053053815 ], [ 6.637629093234479, 46.799025601744873 ], [ 6.638273595688879, 46.8041307721493 ], [ 6.684605548290425, 46.829778633116057 ], [ 6.761528839820131, 46.877785127741689 ], [ 6.842034781156756, 46.935904350583094 ], [ 6.874170010721547, 46.968397079208508 ], [ 6.894238384378427, 46.981078888185877 ], [ 6.936505451775193, 46.991239088700347 ], [ 7.025080986355232, 47.006993561177367 ], [ 7.064976636778607, 47.046727532127065 ], [ 7.269075211390166, 47.156635750875324 ], [ 7.278147896575735, 47.147806945454157 ], [ 7.285836971779036, 47.128577513751544 ], [ 7.28787163107391, 47.112875155314995 ], [ 7.238651408077353, 47.065971841933504 ], [ 7.205294625592281, 47.047531734657298 ], [ 7.273193410476969, 47.032448707432927 ], [ 7.245124556924014, 47.023472438999022 ], [ 7.222790175621729, 47.000467880133236 ], [ 7.216198193047469, 46.988968431151157 ], [ 7.214844916721934, 46.979385945076203 ], [ 7.217779579685777, 46.975298864685016 ], [ 7.221411389410465, 46.932146861555381 ], [ 7.214614975453395, 46.908835993613138 ], [ 7.198801153172244, 46.896489256420011 ] ] ] } },
{ "type": "Feature", "properties": { "region_id": 56, "Name": "Genferseebecken" }, "geometry": { "type": "Polygon", "coordinates": [ [ [ 6.678875853992168, 46.565674990729782 ], [ 6.690328512531962, 46.565616117291647 ], [ 6.698322029290328, 46.567656636397274 ], [ 6.718163987654518, 46.5615860757121 ], [ 6.763350121341944, 46.562988379938773 ], [ 6.78563232520452, 46.505338062241904 ], [ 6.824957610344139, 46.493368323446042 ], [ 6.866645766781276, 46.502582227049025 ], [ 6.831374761609884, 46.467089929836774 ], [ 6.819971955732824, 46.424801472371549 ], [ 6.816107745168518, 46.427110228135184 ], [ 6.770739318229538, 46.435865609667168 ], [ 6.573553844396099, 46.443401318803936 ], [ 6.479440847642862, 46.433629307043375 ], [ 6.384590509469781, 46.413947920792062 ], [ 6.30366395262116, 46.382676396354562 ], [ 6.259667761142267, 46.357773778831415 ], [ 6.240416936627157, 46.341017632406476 ], [ 6.223261461943492, 46.314726118917363 ], [ 6.223990503311187, 46.311738049132856 ], [ 6.245064190262329, 46.303964478384522 ], [ 6.252807976880742, 46.28997521531312 ], [ 6.242824475106872, 46.284831865693221 ], [ 6.237153947718585, 46.277781285557239 ], [ 6.250582219496893, 46.262395072908923 ], [ 6.266992214480313, 46.249098561194202 ], [ 6.270558006715676, 46.248514740257079 ], [ 6.280606073742912, 46.252261867231063 ], [ 6.293115585244329, 46.262357679136201 ], [ 6.29520983434031, 46.261461251231367 ], [ 6.296508574990233, 46.255212778031186 ], [ 6.307173007685854, 46.255041246907432 ], [ 6.308223203270039, 46.243212303986098 ], [ 6.288298757965345, 46.221527211847373 ], [ 6.275521495028272, 46.215341534982642 ], [ 6.254732774916714, 46.210024245470791 ], [ 6.242187988122666, 46.20357626889583 ], [ 6.232866121439258, 46.204412675356402 ], [ 6.227646023625659, 46.203169202639707 ], [ 6.215631578961072, 46.194663676282218 ], [ 6.20590210541569, 46.191237981135359 ], [ 6.197559607466511, 46.184416948439434 ], [ 6.185759728371577, 46.178222676665456 ], [ 6.189405367576089, 46.168357724530772 ], [ 6.186300608772963, 46.164850542779845 ], [ 6.176986394667293, 46.159456606310243 ], [ 6.148806630640131, 46.149376174685251 ], [ 6.139843011690248, 46.142570617952146 ], [ 6.133431493696598, 46.140067403006611 ], [ 6.127740349396102, 46.139920371213321 ], [ 6.118868215638424, 46.142326933568995 ], [ 6.098131703414694, 46.142397072221932 ], [ 6.09117046042485, 46.151724814289118 ], [ 6.07663818706432, 46.149957693779243 ], [ 6.052347276260108, 46.150705200799408 ], [ 6.049674835817124, 46.148899894041179 ], [ 6.046909258725557, 46.142136029882977 ], [ 6.036091202894396, 46.136009907912587 ], [ 6.024233563111335, 46.141106968787767 ], [ 5.991374762961041, 46.144378598222318 ], [ 5.984298656881853, 46.142766997048568 ], [ 5.981582369515208, 46.136892777663746 ], [ 5.975754393020023, 46.132705581493063 ], [ 5.959161469828221, 46.128026346806699 ], [ 5.955579433829975, 46.129364819971329 ], [ 5.953650227652046, 46.13177764691892 ], [ 5.964873198298273, 46.138357962215835 ], [ 5.965477441592251, 46.147120102237849 ], [ 5.976122259375568, 46.160934391644261 ], [ 5.979743818639502, 46.170257370483348 ], [ 5.991724673749333, 46.176025948475321 ], [ 5.993839015224082, 46.18175723191905 ], [ 5.992823898570043, 46.185837915738176 ], [ 5.965204133940045, 46.196924917125962 ], [ 5.972076065442717, 46.202025887265918 ], [ 5.970203909736117, 46.208497504324399 ], [ 5.977013425746349, 46.21502788998535 ], [ 5.982800354248176, 46.217208027306086 ], [ 5.996971920546036, 46.21555453274506 ], [ 6.007778136183783, 46.227001429726293 ], [ 6.015983113432318, 46.231990563597954 ], [ 6.024828953595766, 46.233334296204077 ], [ 6.0331675849637, 46.237262171533828 ], [ 6.043578369841632, 46.23375649167032 ], [ 6.06152098468239, 46.245052110292733 ], [ 6.06979047534358, 46.241086025273582 ], [ 6.087281423039402, 46.246344023235032 ], [ 6.104223179930014, 46.238187372121295 ], [ 6.122476515851406, 46.250610422994015 ], [ 6.120065396793322, 46.260721794090564 ], [ 6.103548574101118, 46.278323685972801 ], [ 6.103069987790883, 46.285650531209434 ], [ 6.119382266950785, 46.298473813777036 ], [ 6.119989934213902, 46.311400462093459 ], [ 6.135867414177555, 46.329839213296943 ], [ 6.13745183131044, 46.336884014814473 ], [ 6.1459801981264, 46.340391618720993 ], [ 6.153512576199684, 46.345956530858885 ], [ 6.157377318677172, 46.351191547280372 ], [ 6.159376880140241, 46.358960450832903 ], [ 6.168149034406218, 46.365581984566631 ], [ 6.159406437489467, 46.376990442988522 ], [ 6.210106306027379, 46.412360498914317 ], [ 6.259794365274713, 46.457763862568321 ], [ 6.271057401008426, 46.482396227814405 ], [ 6.265332879839716, 46.489327519979042 ], [ 6.408915591143459, 46.630102647436154 ], [ 6.452843751802071, 46.670282351103218 ], [ 6.568759862757865, 46.642943977252202 ], [ 6.585328102306121, 46.631851421585807 ], [ 6.600795143971558, 46.607991964945718 ], [ 6.615389724905269, 46.593390089294395 ], [ 6.678875853992168, 46.565674990729782 ] ] ] } },
{ "type": "Feature", "properties": { "region_id": 57, "Name": "Chablais" }, "geometry": { "type": "Polygon", "coordinates": [ [ [ 6.987538323779985, 46.400009433452198 ], [ 7.005797417082579, 46.38987060589875 ], [ 7.026840936812281, 46.390416997681911 ], [ 7.106139030337279, 46.401805805082127 ], [ 7.110868432674587, 46.400281356259356 ], [ 7.120353968787307, 46.392554179882744 ], [ 7.193403987530161, 46.378748171180867 ], [ 7.205994383424497, 46.355593001554816 ], [ 7.2213351185345, 46.330462749103226 ], [ 7.185107385988513, 46.299253082039783 ], [ 7.184165250734855, 46.287079823707202 ], [ 7.168846629593842, 46.259886271893862 ], [ 7.108463120628433, 46.212813033522579 ], [ 7.103362065776058, 46.210000307375999 ], [ 7.083642761117789, 46.18396035963243 ], [ 7.086523081937044, 46.159195352704344 ], [ 7.071399036512518, 46.125296367980688 ], [ 7.068457840200822, 46.122147245844289 ], [ 7.05269915916243, 46.13700906577877 ], [ 7.027961344900419, 46.134816497601342 ], [ 6.96901978600382, 46.121524178528404 ], [ 6.9565979404788, 46.120383165443101 ], [ 6.935570365838116, 46.123853426250527 ], [ 6.923354954114739, 46.126883694758362 ], [ 6.89691745957639, 46.122243679381633 ], [ 6.891022205902329, 46.124428106569937 ], [ 6.88215524031661, 46.123646962287523 ], [ 6.873574434400336, 46.125232445991479 ], [ 6.856521280969329, 46.125379436506002 ], [ 6.839119514172519, 46.131324289894302 ], [ 6.817649458126509, 46.130569208950071 ], [ 6.80881838801886, 46.135629791312383 ], [ 6.800718896459873, 46.135548212446366 ], [ 6.798135455780282, 46.137359705030839 ], [ 6.792459950528763, 46.147807459703976 ], [ 6.792420431229086, 46.159852702484677 ], [ 6.795320134015164, 46.16533878915024 ], [ 6.811276799979452, 46.181666307284644 ], [ 6.808325541189928, 46.193821255688633 ], [ 6.803658407864853, 46.199687364052238 ], [ 6.803690396042698, 46.202494260065755 ], [ 6.837195602044472, 46.245696207879043 ], [ 6.854445682400858, 46.253658226347902 ], [ 6.861907675599781, 46.267802115198833 ], [ 6.861152429209653, 46.275390757939562 ], [ 6.865649899124431, 46.281935674267615 ], [ 6.855275042634848, 46.291130289974106 ], [ 6.8477242944925, 46.289768632448506 ], [ 6.844310220817713, 46.291064111481909 ], [ 6.83647418121009, 46.296725985865613 ], [ 6.830318859971509, 46.305149135318416 ], [ 6.810336729660693, 46.317939887609349 ], [ 6.79988845674872, 46.31875390459399 ], [ 6.797462062163411, 46.330704743671561 ], [ 6.786710412256015, 46.331686760437258 ], [ 6.7811165188581, 46.341046118815463 ], [ 6.771077568443, 46.350415037504888 ], [ 6.772381523548449, 46.361649679687346 ], [ 6.791183988594397, 46.368155011041637 ], [ 6.805733794867279, 46.377494180094445 ], [ 6.802523762947223, 46.390745161426111 ], [ 6.819971955732824, 46.424801472371549 ], [ 6.831374761609884, 46.467089929836774 ], [ 6.874565528090304, 46.511419843609978 ], [ 6.902695256104387, 46.533901908163934 ], [ 6.95739769277854, 46.547730852272409 ], [ 7.002249639712751, 46.509041755126198 ], [ 6.991539437026198, 46.499635425098568 ], [ 6.978528646504095, 46.473279717539356 ], [ 6.973517493758788, 46.445840122556852 ], [ 6.974477677976854, 46.437073179685505 ], [ 6.992645833336801, 46.411373360208628 ], [ 6.987538323779985, 46.400009433452198 ] ] ] } },
{ "type": "Feature", "properties": { "region_id": 58, "Name": "Walliser Südalpen" }, "geometry": { "type": "Polygon", "coordinates": [ [ [ 7.675030833466847, 46.133468797434986 ], [ 7.689293353865987, 46.120133637071824 ], [ 7.71091372111616, 46.110611315370058 ], [ 7.716020304511504, 46.099966125293172 ], [ 7.69097598499351, 46.064240454480327 ], [ 7.677147151271754, 46.043112994418962 ], [ 7.670466298515259, 46.039492707604062 ], [ 7.631815653566798, 46.027511388873272 ], [ 7.612813549755525, 46.033884063661382 ], [ 7.574592590460145, 45.985261979186824 ], [ 7.570272022093429, 45.986211604453537 ], [ 7.545378855954528, 45.979068427803121 ], [ 7.542633990915781, 45.974015552107254 ], [ 7.547218074521041, 45.963000873981464 ], [ 7.545791735220033, 45.959152198886159 ], [ 7.541270642107352, 45.955468267913169 ], [ 7.528205224681087, 45.954975589385825 ], [ 7.517830399937218, 45.959957745579821 ], [ 7.506546179086657, 45.961215396230642 ], [ 7.496557549246618, 45.956093530289039 ], [ 7.479750394074044, 45.953051359556035 ], [ 7.473182792310558, 45.94761130971726 ], [ 7.474338082984394, 45.939326218673862 ], [ 7.472105412905663, 45.935701754549854 ], [ 7.445894780916007, 45.930426011252059 ], [ 7.4307371347194, 45.916662958100638 ], [ 7.409644763806273, 45.907592020887471 ], [ 7.400816287932628, 45.910126004913678 ], [ 7.391019493070261, 45.899246846384656 ], [ 7.384192225684969, 45.898164248297732 ], [ 7.377568893607057, 45.899258215297749 ], [ 7.363028158255993, 45.904916299961641 ], [ 7.346390408459803, 45.914339836078263 ], [ 7.325058456275705, 45.909867416099402 ], [ 7.317313219848848, 45.915913119654 ], [ 7.308032953570008, 45.916397378606206 ], [ 7.295884030735421, 45.919692784636474 ], [ 7.289050610793002, 45.915914779682069 ], [ 7.258515152116837, 45.886149085494814 ], [ 7.255991070656156, 45.885992065307313 ], [ 7.245450539611526, 45.890804825115424 ], [ 7.224856637253509, 45.889777837364974 ], [ 7.217448655455403, 45.886875919313887 ], [ 7.202915809014424, 45.875709994711528 ], [ 7.199939303832706, 45.870198539179938 ], [ 7.200976185791389, 45.862743631059296 ], [ 7.193176853508522, 45.859209607822272 ], [ 7.188955221498918, 45.858957383669157 ], [ 7.175999081597918, 45.862588788721119 ], [ 7.163714634669073, 45.870565103259992 ], [ 7.16310819962507, 45.875906843098754 ], [ 7.154729837974689, 45.877343137508937 ], [ 7.140277172711113, 45.873149673033183 ], [ 7.119687944683666, 45.85955487112475 ], [ 7.112332202344541, 45.858139379334922 ], [ 7.105157587062518, 45.858747897201866 ], [ 7.098463898001289, 45.862730677498298 ], [ 7.092396743778199, 45.875377545727972 ], [ 7.07958776997568, 45.886392524588061 ], [ 7.076063734355844, 45.893352605914728 ], [ 7.064877741373984, 45.89958563550789 ], [ 7.063964868740856, 45.910575001506309 ], [ 7.05388337958703, 45.914831657103854 ], [ 7.047625672780894, 45.921241743704229 ], [ 7.036027926181159, 45.938391031893794 ], [ 7.037706337903042, 45.953869300587385 ], [ 7.017871117338622, 45.958888089966976 ], [ 7.010063538147979, 45.96764716141891 ], [ 7.010265919720632, 45.971444052107529 ], [ 7.022136321081684, 45.981374851669401 ], [ 7.013540834304771, 45.986587021136906 ], [ 7.013106836367757, 45.999206150434588 ], [ 6.996765465056644, 45.999268944879056 ], [ 6.984447151024597, 46.004464206450272 ], [ 6.984232680739781, 46.016256569072915 ], [ 6.972410892451253, 46.024708965491229 ], [ 6.967775149155233, 46.030662722386658 ], [ 6.96050253687521, 46.032305189043647 ], [ 6.948479556655651, 46.050838392142232 ], [ 6.94710062246319, 46.051884861699598 ], [ 6.942599282308066, 46.049616166421941 ], [ 6.935404432072384, 46.055071538087489 ], [ 6.935857482390162, 46.061982246535919 ], [ 6.934064523786675, 46.064421038268314 ], [ 6.920045602305362, 46.061442633978217 ], [ 6.909680075149457, 46.052317678051843 ], [ 6.897736473162932, 46.047655035944878 ], [ 6.890190418830318, 46.042652837951401 ], [ 6.879307280737352, 46.044524281088769 ], [ 6.870238814568364, 46.048221003506093 ], [ 6.876541556609647, 46.06342848413442 ], [ 6.880789429039854, 46.067578680543782 ], [ 6.888865301367241, 46.071567582278121 ], [ 6.891017275436369, 46.074780561867037 ], [ 6.884699065434186, 46.093613680155492 ], [ 6.896273171636387, 46.109007823163189 ], [ 6.895238543148292, 46.115479772466507 ], [ 6.89691745957639, 46.122243679381633 ], [ 6.923354954114739, 46.126883694758362 ], [ 6.935570365838116, 46.123853426250527 ], [ 6.9565979404788, 46.120383165443101 ], [ 6.96901978600382, 46.121524178528404 ], [ 7.027961344900419, 46.134816497601342 ], [ 7.05269915916243, 46.13700906577877 ], [ 7.068457840200822, 46.122147245844289 ], [ 7.072193602091689, 46.120657209742085 ], [ 7.09640049690122, 46.12629279329142 ], [ 7.122506270999684, 46.135544761889292 ], [ 7.134834590317087, 46.140742236684666 ], [ 7.163027548980462, 46.154524206847789 ], [ 7.198771323340472, 46.168036611126837 ], [ 7.257952006270818, 46.187919713074471 ], [ 7.279394283654859, 46.194464991430529 ], [ 7.290838679751382, 46.196873478940468 ], [ 7.335955349777007, 46.211883576674666 ], [ 7.361222199835613, 46.221376297222584 ], [ 7.368006598049851, 46.226418335211427 ], [ 7.369167062162617, 46.231087781331119 ], [ 7.376622439682126, 46.240510577998045 ], [ 7.383049668087344, 46.243572481671634 ], [ 7.463664679273571, 46.266082063806962 ], [ 7.489287591042989, 46.272550540186757 ], [ 7.542206006422591, 46.282014260309126 ], [ 7.599678953307219, 46.311534137545401 ], [ 7.622458284179729, 46.314432188153489 ], [ 7.646712178150541, 46.311844613929409 ], [ 7.651727841391645, 46.296443757457958 ], [ 7.656196454647767, 46.271454367306994 ], [ 7.661885499477974, 46.197112385408012 ], [ 7.658588014395145, 46.192126262716926 ], [ 7.657884088760682, 46.184553318752748 ], [ 7.667666821357328, 46.148533557419867 ], [ 7.675030833466847, 46.133468797434986 ] ] ] } },
{ "type": "Feature", "properties": { "region_id": 59, "Name": "nördliches Wallis" }, "geometry": { "type": "Polygon", "coordinates": [ [ [ 7.906564303185672, 46.412767794433456 ], [ 7.943152574825769, 46.404631860566134 ], [ 7.955018672622924, 46.406674539305044 ], [ 7.973456615890585, 46.407740650927941 ], [ 7.978298964370451, 46.406890119980694 ], [ 7.982545903300819, 46.405034701113614 ], [ 7.985081247548811, 46.401109333157642 ], [ 7.997394711067429, 46.370706367013184 ], [ 7.997600969494262, 46.368015589780263 ], [ 7.995296440257032, 46.359975631296038 ], [ 7.995967196910121, 46.349357228552108 ], [ 7.998661172544359, 46.33847696211653 ], [ 8.001354742428425, 46.333938708974323 ], [ 8.015199868795502, 46.334013074952921 ], [ 7.93112602147121, 46.300135435061513 ], [ 7.898557212161528, 46.296530040599727 ], [ 7.870645694656212, 46.301992339601362 ], [ 7.646712178150541, 46.311844613929409 ], [ 7.622458284179729, 46.314432188153489 ], [ 7.599678953307219, 46.311534137545401 ], [ 7.542206006422591, 46.282014260309126 ], [ 7.489287591042989, 46.272550540186757 ], [ 7.463664679273571, 46.266082063806962 ], [ 7.383049668087344, 46.243572481671634 ], [ 7.376622439682126, 46.240510577998045 ], [ 7.369167062162617, 46.231087781331119 ], [ 7.368006598049851, 46.226418335211427 ], [ 7.361222199835613, 46.221376297222584 ], [ 7.335955349777007, 46.211883576674666 ], [ 7.290838679751382, 46.196873478940468 ], [ 7.279394283654859, 46.194464991430529 ], [ 7.257952006270818, 46.187919713074471 ], [ 7.198771323340472, 46.168036611126837 ], [ 7.163027548980462, 46.154524206847789 ], [ 7.134834590317087, 46.140742236684666 ], [ 7.122506270999684, 46.135544761889292 ], [ 7.09640049690122, 46.12629279329142 ], [ 7.072193602091689, 46.120657209742085 ], [ 7.068457840200822, 46.122147245844289 ], [ 7.071399036512518, 46.125296367980688 ], [ 7.086523081937044, 46.159195352704344 ], [ 7.083642761117789, 46.18396035963243 ], [ 7.103362065776058, 46.210000307375999 ], [ 7.108463120628433, 46.212813033522579 ], [ 7.168846629593842, 46.259886271893862 ], [ 7.184165250734855, 46.287079823707202 ], [ 7.185107385988513, 46.299253082039783 ], [ 7.2213351185345, 46.330462749103226 ], [ 7.225251737549511, 46.328482193668187 ], [ 7.237722823026588, 46.327155776252006 ], [ 7.277128107690416, 46.328811429324553 ], [ 7.30475273970649, 46.33235600837282 ], [ 7.308709745682163, 46.333961876125898 ], [ 7.325231934208055, 46.344918464401417 ], [ 7.35855161902497, 46.35249454866382 ], [ 7.384103260594295, 46.367370727871467 ], [ 7.395742463210532, 46.372539320771423 ], [ 7.43368983450198, 46.383342400408544 ], [ 7.439591227760475, 46.383765347666078 ], [ 7.468666515720805, 46.37826528439475 ], [ 7.482219726134465, 46.374284925444428 ], [ 7.486259437037523, 46.371728574173034 ], [ 7.497356183198181, 46.370095247860583 ], [ 7.536730881288044, 46.37642822800759 ], [ 7.56248992357509, 46.381701635164362 ], [ 7.553441842322853, 46.41206236358672 ], [ 7.604771216501917, 46.415147651819559 ], [ 7.657552403213633, 46.412287779255898 ], [ 7.706728101586331, 46.415187098192099 ], [ 7.740155574626828, 46.424764758049655 ], [ 7.820323655289769, 46.464851709982746 ], [ 7.837767297795812, 46.475343823030464 ], [ 7.840717113225162, 46.478059140487822 ], [ 7.930781641255441, 46.497504773906222 ], [ 7.962594534580516, 46.473496781081892 ], [ 7.964138594204669, 46.470251159914163 ], [ 7.963080951754807, 46.46724244587196 ], [ 7.942297728463301, 46.448490225836665 ], [ 7.893380241646527, 46.41790395926926 ], [ 7.906564303185672, 46.412767794433456 ] ] ] } },
{ "type": "Feature", "properties": { "region_id": 60, "Name": "Vispertäler" }, "geometry": { "type": "Polygon", "coordinates": [ [ [ 7.980040045430702, 46.319307313170505 ], [ 7.983439004934617, 46.264569356211076 ], [ 7.994737623790621, 46.183390091505096 ], [ 7.994593309415261, 46.179396664084024 ], [ 8.036072224042766, 46.09772795237204 ], [ 8.032217668008053, 46.088104814594111 ], [ 8.023597947686763, 46.075168939804229 ], [ 8.025963824085231, 46.069201456307198 ], [ 8.025011686684467, 46.063575068716624 ], [ 8.031993992669456, 46.050845549889893 ], [ 8.032166405771212, 46.044115827362759 ], [ 8.022782223182748, 46.037552974862777 ], [ 8.015844452236246, 46.03006828954021 ], [ 8.013790357090784, 46.012816035993048 ], [ 8.002789448507171, 46.010226913328594 ], [ 7.988395281890163, 45.994879487513266 ], [ 7.975440625938132, 45.999187900930195 ], [ 7.963573859787745, 45.996005379923169 ], [ 7.909341380492442, 45.994715715789923 ], [ 7.899664585541897, 45.984347828684285 ], [ 7.880831571233342, 45.972405242302692 ], [ 7.880229170665152, 45.961693910871695 ], [ 7.870145936587614, 45.93757102493116 ], [ 7.87716854803935, 45.925786771007161 ], [ 7.864552731927919, 45.916300000069654 ], [ 7.857580845483479, 45.919735449950679 ], [ 7.848503880999611, 45.919292105424397 ], [ 7.831049778858787, 45.924283811795036 ], [ 7.823460041523409, 45.924615853023369 ], [ 7.817097557959309, 45.923485999092421 ], [ 7.8058477572975, 45.916200954858176 ], [ 7.801579416300703, 45.915827990482988 ], [ 7.796205526992915, 45.91785116617789 ], [ 7.78531827738045, 45.926529824777731 ], [ 7.772237325943263, 45.933324901167559 ], [ 7.761494740408351, 45.937080310436016 ], [ 7.752244858868901, 45.938320817905961 ], [ 7.745921840115391, 45.937348738470135 ], [ 7.735390880791931, 45.923497021907991 ], [ 7.719728777123345, 45.923231334548483 ], [ 7.709055193089964, 45.933467239446621 ], [ 7.708206558022226, 45.9496700321722 ], [ 7.680718060547473, 45.956658860243074 ], [ 7.673191006820706, 45.966875581524967 ], [ 7.662049836659119, 45.974238463182203 ], [ 7.657444313272427, 45.974310450574308 ], [ 7.63925745104198, 45.968389245715741 ], [ 7.616943547185856, 45.969362191886646 ], [ 7.607675534084787, 45.967532371166243 ], [ 7.585743892431898, 45.971628957807134 ], [ 7.574592590460145, 45.985261979186824 ], [ 7.612813549755525, 46.033884063661382 ], [ 7.631815653566798, 46.027511388873272 ], [ 7.670466298515259, 46.039492707604062 ], [ 7.677147151271754, 46.043112994418962 ], [ 7.69097598499351, 46.064240454480327 ], [ 7.716020304511504, 46.099966125293172 ], [ 7.71091372111616, 46.110611315370058 ], [ 7.689293353865987, 46.120133637071824 ], [ 7.675030833466847, 46.133468797434986 ], [ 7.667666821357328, 46.148533557419867 ], [ 7.657884088760682, 46.184553318752748 ], [ 7.658588014395145, 46.192126262716926 ], [ 7.661885499477974, 46.197112385408012 ], [ 7.656196454647767, 46.271454367306994 ], [ 7.651727841391645, 46.296443757457958 ], [ 7.646712178150541, 46.311844613929409 ], [ 7.870645694656212, 46.301992339601362 ], [ 7.898557212161528, 46.296530040599727 ], [ 7.93112602147121, 46.300135435061513 ], [ 7.980040045430702, 46.319307313170505 ] ] ] } },
{ "type": "Feature", "properties": { "region_id": 61, "Name": "Goms" }, "geometry": { "type": "Polygon", "coordinates": [ [ [ 8.475373735798829, 46.526624909669025 ], [ 8.465527395609458, 46.508460627804091 ], [ 8.448854506070139, 46.497562526222502 ], [ 8.416856869763139, 46.492345742282339 ], [ 8.405330600077532, 46.492435394860031 ], [ 8.393512423768209, 46.487047595829246 ], [ 8.388772494643538, 46.475958940591859 ], [ 8.386564833887647, 46.467367949340527 ], [ 8.392686811012513, 46.45124032191999 ], [ 8.367506470765493, 46.45003670219905 ], [ 8.324710305779801, 46.425270351989525 ], [ 8.306985357982667, 46.424084912646443 ], [ 8.293521332740644, 46.408425850872661 ], [ 8.295044391577099, 46.406867024460887 ], [ 8.309184632392762, 46.403853640566773 ], [ 8.31298698977915, 46.401746279803014 ], [ 8.316893112574014, 46.389994064772495 ], [ 8.31654337216162, 46.382835801209879 ], [ 8.313581899234959, 46.377335026991325 ], [ 8.294183473388175, 46.369566418590587 ], [ 8.286351521600539, 46.364038633453603 ], [ 8.269261523971544, 46.364767875442979 ], [ 8.263610069658995, 46.363144855929626 ], [ 8.260748772030716, 46.358685570553739 ], [ 8.262865569806806, 46.345760756667687 ], [ 8.251345018923299, 46.345888935113472 ], [ 8.248332980505625, 46.339901092771143 ], [ 8.232588959809322, 46.338914965451167 ], [ 8.221259579847844, 46.328765233152872 ], [ 8.212779316027564, 46.308681301116877 ], [ 8.18065158726086, 46.297354424623585 ], [ 8.165455122087629, 46.294556259431495 ], [ 8.13924820327197, 46.301270498015896 ], [ 8.132295708776812, 46.296536427988066 ], [ 8.123442160274122, 46.293261800482483 ], [ 8.116055987715022, 46.283725529703084 ], [ 8.107437524165846, 46.279269793442204 ], [ 8.096501556635207, 46.269717209710521 ], [ 8.080704909331139, 46.262287317882318 ], [ 8.080858683951888, 46.259929516094893 ], [ 8.087635629221435, 46.253971546937606 ], [ 8.099271743339532, 46.253202538951577 ], [ 8.103828697783356, 46.249379562242282 ], [ 8.081183894434583, 46.240226626112182 ], [ 8.0681723943951, 46.238437616115192 ], [ 8.057958272184276, 46.238601934355408 ], [ 7.996471648773936, 46.256697510645637 ], [ 7.983439004934617, 46.264569356211076 ], [ 7.980040045430702, 46.319307313170505 ], [ 8.015199868795502, 46.334013074952921 ], [ 8.001354742428425, 46.333938708974323 ], [ 7.998661172544359, 46.33847696211653 ], [ 7.995967196910121, 46.349357228552108 ], [ 7.995296440257032, 46.359975631296038 ], [ 7.997600969494262, 46.368015589780263 ], [ 7.997394711067429, 46.370706367013184 ], [ 7.985081247548811, 46.401109333157642 ], [ 7.982545903300819, 46.405034701113614 ], [ 7.978298964370451, 46.406890119980694 ], [ 7.973456615890585, 46.407740650927941 ], [ 7.955018672622924, 46.406674539305044 ], [ 7.943152574825769, 46.404631860566134 ], [ 7.906564303185672, 46.412767794433456 ], [ 7.893380241646527, 46.41790395926926 ], [ 7.942297728463301, 46.448490225836665 ], [ 7.963080951754807, 46.46724244587196 ], [ 7.964138594204669, 46.470251159914163 ], [ 7.962594534580516, 46.473496781081892 ], [ 7.930781641255441, 46.497504773906222 ], [ 7.997788352204109, 46.558060817660206 ], [ 8.015213481081281, 46.56318248057233 ], [ 8.027207876209557, 46.562770267022145 ], [ 8.113650732541478, 46.546997437160599 ], [ 8.118081238976522, 46.544713091039171 ], [ 8.126694396406496, 46.537140728981633 ], [ 8.147567537342697, 46.532334669842072 ], [ 8.157838161302728, 46.531280638459215 ], [ 8.173762946771866, 46.531007907842728 ], [ 8.183509307406354, 46.52126479851858 ], [ 8.238401057345696, 46.526505531612969 ], [ 8.254039644452327, 46.528976348994519 ], [ 8.282185184106845, 46.537623233526034 ], [ 8.343839564535669, 46.563634005347559 ], [ 8.362487285797554, 46.579470372610245 ], [ 8.366652718172059, 46.584240456069914 ], [ 8.361942163525498, 46.584989463297134 ], [ 8.36114537763439, 46.588000651391432 ], [ 8.362410892151928, 46.600216207886312 ], [ 8.36868692284404, 46.62667686952885 ], [ 8.374299401456424, 46.631812708303471 ], [ 8.411374803291373, 46.655018293087089 ], [ 8.422141589433995, 46.628521925494184 ], [ 8.41381985878575, 46.575488580244375 ], [ 8.426887523430366, 46.546677659498229 ], [ 8.475373735798829, 46.526624909669025 ] ] ] } },
{ "type": "Feature", "properties": { "region_id": 62, "Name": "Westliches Tessin" }, "geometry": { "type": "MultiPolygon", "coordinates": [ [ [ [ 8.057958272184276, 46.238601934355408 ], [ 8.0681723943951, 46.238437616115192 ], [ 8.081183894434583, 46.240226626112182 ], [ 8.103828697783356, 46.249379562242282 ], [ 8.110195413316532, 46.248316420966859 ], [ 8.113388647125142, 46.238123017196351 ], [ 8.121605438047611, 46.233773651022339 ], [ 8.126814446826309, 46.228461460695073 ], [ 8.140557691395585, 46.223690115085752 ], [ 8.154800660463625, 46.192042965724134 ], [ 8.165960977689743, 46.178027949362495 ], [ 8.159695051747043, 46.172301697810717 ], [ 8.152927474067411, 46.161783443368101 ], [ 8.151288264619113, 46.154237207482709 ], [ 8.153346430172105, 46.144355661343099 ], [ 8.14220584445793, 46.137534743089532 ], [ 8.129157817815459, 46.13517739765139 ], [ 8.121184250779843, 46.13187040864652 ], [ 8.114996140083779, 46.126393169193506 ], [ 8.112670507565191, 46.115126249419809 ], [ 8.098229682060806, 46.108275750967849 ], [ 8.072399652260465, 46.105895912979655 ], [ 8.036072224042766, 46.09772795237204 ], [ 7.994593309415261, 46.179396664084024 ], [ 7.994737623790621, 46.183390091505096 ], [ 7.983439004934617, 46.264569356211076 ], [ 7.996471648773936, 46.256697510645637 ], [ 8.057958272184276, 46.238601934355408 ] ] ], [ [ [ 8.698390616662644, 46.474934920690607 ], [ 8.741082879228959, 46.403602922332389 ], [ 8.745034279320919, 46.405671739874798 ], [ 8.75391601729682, 46.405083247239283 ], [ 8.811268978853308, 46.388010993410113 ], [ 8.827939105786518, 46.378936834419527 ], [ 8.86129657859181, 46.347689921267857 ], [ 8.861204654812294, 46.341698993408635 ], [ 8.858806051748246, 46.338400160578011 ], [ 8.864700481531242, 46.32145648368536 ], [ 8.886944516371486, 46.306796648761129 ], [ 8.901132264278866, 46.306713192461089 ], [ 8.906210916454427, 46.276506805515808 ], [ 8.914132086333616, 46.257122721976259 ], [ 8.921139089729355, 46.243418267664424 ], [ 8.930994285881784, 46.23017061704553 ], [ 8.922119541883244, 46.211357286484059 ], [ 8.896494681401855, 46.205914639627245 ], [ 8.886375082061065, 46.206440641515393 ], [ 8.88293431870223, 46.204721241162723 ], [ 8.873889382475109, 46.195866389204653 ], [ 8.866792214422404, 46.187571052399903 ], [ 8.859914766055276, 46.1737123463448 ], [ 8.855802873215429, 46.160016526987746 ], [ 8.856190400147144, 46.154505465566942 ], [ 8.85785497470099, 46.150813750768393 ], [ 8.805922575852678, 46.136519887468609 ], [ 8.777256836829146, 46.119130752528747 ], [ 8.756461176754096, 46.104998689386647 ], [ 8.753930634927318, 46.106260794201511 ], [ 8.741992857978412, 46.120911215118866 ], [ 8.72682703044053, 46.111485862395583 ], [ 8.716603426100354, 46.098592876321668 ], [ 8.713309785144661, 46.097109707662526 ], [ 8.685632373910018, 46.102088447818019 ], [ 8.677638458279741, 46.110012652608503 ], [ 8.669816495428018, 46.10846091219026 ], [ 8.659168484851001, 46.111230646815308 ], [ 8.654458168677625, 46.118694741090025 ], [ 8.64687492580706, 46.122689743476272 ], [ 8.613053550851419, 46.120221950025524 ], [ 8.60910378627775, 46.132102467724955 ], [ 8.593528404999587, 46.144543221910176 ], [ 8.594701717728558, 46.147383115754486 ], [ 8.602697782967589, 46.152689879441922 ], [ 8.602742143114503, 46.154767628440553 ], [ 8.589858858685915, 46.157103893351255 ], [ 8.586287657619891, 46.162115338740243 ], [ 8.574621230573474, 46.163312899716132 ], [ 8.569819531142851, 46.176505018420592 ], [ 8.566172465648277, 46.181129710717734 ], [ 8.556370447900445, 46.186301161235626 ], [ 8.55068971883942, 46.194193175763452 ], [ 8.539358014553219, 46.198226609690344 ], [ 8.530541608825251, 46.217942454345689 ], [ 8.514553322215829, 46.22081270023093 ], [ 8.487622341470427, 46.230341119835288 ], [ 8.470882858584105, 46.232186508725619 ], [ 8.466411824662108, 46.236383566701875 ], [ 8.464951060423006, 46.24486242950983 ], [ 8.44323674187739, 46.247936228486239 ], [ 8.442110458362803, 46.250852047804806 ], [ 8.444808058410015, 46.25647779469881 ], [ 8.455890737289584, 46.265168132717207 ], [ 8.449653052490595, 46.275030085889632 ], [ 8.438756974015346, 46.284312188185652 ], [ 8.428661355867177, 46.29927190047016 ], [ 8.438723837998927, 46.302979921808237 ], [ 8.448812227798463, 46.318490074115594 ], [ 8.460873157681577, 46.331534580376164 ], [ 8.464194355691342, 46.343046943803763 ], [ 8.463223932096239, 46.354274235499382 ], [ 8.469575760859364, 46.362403363628481 ], [ 8.466260458962587, 46.369873498446779 ], [ 8.465772568950241, 46.377749774962176 ], [ 8.460206534053233, 46.386589544259394 ], [ 8.468671694764788, 46.394222887521138 ], [ 8.46415116414415, 46.404087925631728 ], [ 8.468846298674084, 46.411647344761263 ], [ 8.460861089217955, 46.419978268316825 ], [ 8.455717525858773, 46.432889322695793 ], [ 8.463447839584932, 46.448806376069975 ], [ 8.464571418827898, 46.4531594790393 ], [ 8.585554944294211, 46.499629594022039 ], [ 8.589949948690519, 46.500457812910305 ], [ 8.60126638275198, 46.499613856442565 ], [ 8.635881667833013, 46.490167740653675 ], [ 8.650712430566546, 46.481760496235765 ], [ 8.67934393064507, 46.475720405717652 ], [ 8.698390616662644, 46.474934920690607 ] ] ] ] } },
{ "type": "Feature", "properties": { "region_id": 63, "Name": "Nordtessin" }, "geometry": { "type": "Polygon", "coordinates": [ [ [ 9.026480615197777, 46.565375021468348 ], [ 9.023457344695032, 46.55880408160683 ], [ 9.020426323454616, 46.548373280960618 ], [ 9.020535848965368, 46.525797197277434 ], [ 9.022766422572364, 46.509363780723959 ], [ 9.025435765605254, 46.506177419504979 ], [ 9.038762554028942, 46.495463426770506 ], [ 9.08561781727879, 46.474207125872205 ], [ 9.114055986801546, 46.479522543909376 ], [ 9.134114881924202, 46.489536183558769 ], [ 9.206315581285516, 46.504802462355066 ], [ 9.246741824849222, 46.497876552945755 ], [ 9.283862486917423, 46.496316728899636 ], [ 9.275775817654781, 46.484543346355686 ], [ 9.276688941624027, 46.474981582443569 ], [ 9.273851950101806, 46.465435507545955 ], [ 9.277438101494489, 46.461364311824809 ], [ 9.277166934416087, 46.459128175536378 ], [ 9.264920073194002, 46.450012896951201 ], [ 9.249043757787364, 46.447459915360753 ], [ 9.248278292398151, 46.438177154692589 ], [ 9.249883748675716, 46.430521194968087 ], [ 9.184792509543181, 46.405510989759328 ], [ 9.163950079918839, 46.409447178380553 ], [ 9.087885637381254, 46.387823967557829 ], [ 9.032302284990449, 46.397652548351566 ], [ 8.99599101544719, 46.401207265042288 ], [ 8.977986317753096, 46.387732134883215 ], [ 8.939391859470826, 46.388528574693133 ], [ 8.924597713494853, 46.402867151075235 ], [ 8.866893276784319, 46.394521547615618 ], [ 8.840763583560969, 46.367118704054157 ], [ 8.827939105786518, 46.378936834419527 ], [ 8.811268978853308, 46.388010993410113 ], [ 8.75391601729682, 46.405083247239283 ], [ 8.745034279320919, 46.405671739874798 ], [ 8.741082879228959, 46.403602922332389 ], [ 8.698390616662644, 46.474934920690607 ], [ 8.67934393064507, 46.475720405717652 ], [ 8.650712430566546, 46.481760496235765 ], [ 8.635881667833013, 46.490167740653675 ], [ 8.60126638275198, 46.499613856442565 ], [ 8.589949948690519, 46.500457812910305 ], [ 8.585554944294211, 46.499629594022039 ], [ 8.469493840105777, 46.455328006097815 ], [ 8.464571418827898, 46.4531594790393 ], [ 8.463447839584932, 46.448806376069975 ], [ 8.445847003250227, 46.464014814955767 ], [ 8.407983760995592, 46.458703637383337 ], [ 8.392686811012513, 46.45124032191999 ], [ 8.386564833887647, 46.467367949340527 ], [ 8.388772494643538, 46.475958940591859 ], [ 8.393512423768209, 46.487047595829246 ], [ 8.405330600077532, 46.492435394860031 ], [ 8.416856869763139, 46.492345742282339 ], [ 8.448854506070139, 46.497562526222502 ], [ 8.465527395609458, 46.508460627804091 ], [ 8.475373735798829, 46.526624909669025 ], [ 8.570271718398645, 46.561939901858885 ], [ 8.680306138213657, 46.579118288225686 ], [ 8.692378567096231, 46.561820141476424 ], [ 8.696196447120025, 46.559411851278888 ], [ 8.700957117395971, 46.558297497864899 ], [ 8.759353445065077, 46.552092295390615 ], [ 8.777752889901491, 46.549393969540596 ], [ 8.782149844260758, 46.557367348887013 ], [ 8.812550961263613, 46.569662872855311 ], [ 8.828548092397527, 46.570809083119912 ], [ 8.830798231284247, 46.568010490895652 ], [ 8.831662229243294, 46.564581051386554 ], [ 8.836585893128934, 46.563297048106755 ], [ 8.841963443087296, 46.56342875948561 ], [ 8.904506767216786, 46.584008100903993 ], [ 8.911604377690384, 46.588756908277645 ], [ 8.913945492878932, 46.591335755998543 ], [ 8.915715139220612, 46.595442497992892 ], [ 8.920938331509989, 46.621241440504548 ], [ 9.032213130443479, 46.602328285348356 ], [ 9.040941256977232, 46.589384372666238 ], [ 9.041828236720075, 46.586726626500301 ], [ 9.036041285619374, 46.575489235786584 ], [ 9.030410516656284, 46.570808524693632 ], [ 9.026480615197777, 46.565375021468348 ] ] ] } },
{ "type": "Feature", "properties": { "region_id": 64, "Name": "Östliches Tessin" }, "geometry": { "type": "Polygon", "coordinates": [ [ [ 9.280887854627103, 46.416902625065838 ], [ 9.28214276089253, 46.403295050790888 ], [ 9.278218751921422, 46.396511216106298 ], [ 9.277727576757806, 46.391228289253363 ], [ 9.285434616703961, 46.384219399610799 ], [ 9.278658140614237, 46.374566652846077 ], [ 9.279719362123046, 46.364075592011723 ], [ 9.285219245895391, 46.357633390381473 ], [ 9.297177897074086, 46.35427945616464 ], [ 9.29549241521153, 46.335770862271254 ], [ 9.300138852870823, 46.325787569271213 ], [ 9.294464266542548, 46.316702601125655 ], [ 9.284586599796972, 46.310349464485583 ], [ 9.283501654279785, 46.296366054448256 ], [ 9.273753770036675, 46.291017728028294 ], [ 9.268626334632842, 46.282525596408313 ], [ 9.261450997400853, 46.278313373274806 ], [ 9.258736662892112, 46.269332024506383 ], [ 9.252028994213507, 46.265840559262607 ], [ 9.253319964602088, 46.260591985570791 ], [ 9.249702047385242, 46.249726375494468 ], [ 9.250181798473424, 46.233360267267749 ], [ 9.246669348981664, 46.231841859441595 ], [ 9.235811504016469, 46.232464941770893 ], [ 9.222596379348451, 46.226447727911072 ], [ 9.219493661388414, 46.213242697058696 ], [ 9.214836319871047, 46.209140976181828 ], [ 9.20588564727635, 46.205700186457122 ], [ 9.19866831943914, 46.193305814992577 ], [ 9.197742756776917, 46.181497031957157 ], [ 9.184566078683325, 46.170499246576547 ], [ 9.181116466060624, 46.169139887134477 ], [ 9.165293621459131, 46.1688251499952 ], [ 9.158040411395403, 46.160999835122119 ], [ 9.136289691602789, 46.151539577537143 ], [ 9.121436163018583, 46.136313070899895 ], [ 9.077652729652252, 46.120438146126823 ], [ 9.014277194511275, 46.147703616576621 ], [ 8.975316699981896, 46.134070105566735 ], [ 8.954861598382266, 46.131017867823672 ], [ 8.909772720534891, 46.144822643099623 ], [ 8.870521023978762, 46.108142638875862 ], [ 8.867079531240858, 46.085882630438569 ], [ 8.853780576887463, 46.074642171916842 ], [ 8.844586902507638, 46.0765566264757 ], [ 8.80793194175792, 46.099545140247535 ], [ 8.804758910341217, 46.099367700697833 ], [ 8.798915945066181, 46.095326756478272 ], [ 8.783711029247041, 46.094402550926738 ], [ 8.762071568987293, 46.102206952473587 ], [ 8.756461176754096, 46.104998689386647 ], [ 8.777256836829146, 46.119130752528747 ], [ 8.805922575852678, 46.136519887468609 ], [ 8.85785497470099, 46.150813750768393 ], [ 8.856190400147144, 46.154505465566942 ], [ 8.855802873215429, 46.160016526987746 ], [ 8.859914766055276, 46.1737123463448 ], [ 8.866792214422404, 46.187571052399903 ], [ 8.873889382475109, 46.195866389204653 ], [ 8.88293431870223, 46.204721241162723 ], [ 8.886375082061065, 46.206440641515393 ], [ 8.896494681401855, 46.205914639627245 ], [ 8.922119541883244, 46.211357286484059 ], [ 8.930994285881784, 46.23017061704553 ], [ 8.921139089729355, 46.243418267664424 ], [ 8.914132086333616, 46.257122721976259 ], [ 8.906210916454427, 46.276506805515808 ], [ 8.901132264278866, 46.306713192461089 ], [ 8.886944516371486, 46.306796648761129 ], [ 8.864700481531242, 46.32145648368536 ], [ 8.858806051748246, 46.338400160578011 ], [ 8.861204654812294, 46.341698993408635 ], [ 8.86129657859181, 46.347689921267857 ], [ 8.840763583560969, 46.367118704054157 ], [ 8.866893276784319, 46.394521547615618 ], [ 8.924597713494853, 46.402867151075235 ], [ 8.939391859470826, 46.388528574693133 ], [ 8.977986317753096, 46.387732134883215 ], [ 8.99599101544719, 46.401207265042288 ], [ 9.032302284990449, 46.397652548351566 ], [ 9.087885637381254, 46.387823967557829 ], [ 9.163950079918839, 46.409447178380553 ], [ 9.184792509543181, 46.405510989759328 ], [ 9.249883748675716, 46.430521194968087 ], [ 9.259929724818095, 46.421983136997973 ], [ 9.278680138670577, 46.419322970648381 ], [ 9.280887854627103, 46.416902625065838 ] ] ] } },
{ "type": "Feature", "properties": { "region_id": 65, "Name": "Sottoceneri" }, "geometry": { "type": "Polygon", "coordinates": [ [ [ 9.014277194511275, 46.147703616576621 ], [ 9.077652729652252, 46.120438146126823 ], [ 9.076251125830495, 46.116850496670644 ], [ 9.08874530400573, 46.092770900522346 ], [ 9.090392356107088, 46.086088599632156 ], [ 9.089526265799316, 46.082250343067052 ], [ 9.081319357119149, 46.075064274229895 ], [ 9.080293454085773, 46.064165254983855 ], [ 9.064505703336383, 46.060066401197297 ], [ 9.047547636617216, 46.060903675392964 ], [ 9.025722659207451, 46.052170877752005 ], [ 9.018471016383897, 46.047630183964841 ], [ 9.015928255476986, 46.040566928430678 ], [ 9.00860371775638, 46.032058849537307 ], [ 9.009378089373444, 46.028889999101061 ], [ 9.023278477856215, 46.016036003649127 ], [ 9.028044995755797, 45.993880391883017 ], [ 9.006558053235706, 45.979687260584342 ], [ 8.996309174214735, 45.979613698980117 ], [ 8.996351260096198, 45.974295761864596 ], [ 8.991479703313328, 45.971331059364132 ], [ 8.991461963165452, 45.969342923681481 ], [ 8.994685225765718, 45.966536238011386 ], [ 9.01444085257887, 45.960349997447317 ], [ 9.017275800018577, 45.950404275587708 ], [ 9.014233901452844, 45.943312143653465 ], [ 9.022576583698291, 45.937022809243999 ], [ 9.022238582582741, 45.928462211411656 ], [ 9.028645034709331, 45.926635296157642 ], [ 9.042349698399464, 45.926179653948203 ], [ 9.048919971327114, 45.922063922868979 ], [ 9.058540570122815, 45.92043210421194 ], [ 9.061000748336149, 45.916446797534491 ], [ 9.075394342642111, 45.910668709166778 ], [ 9.077068431587046, 45.901143132471972 ], [ 9.088055533416789, 45.901387223816357 ], [ 9.090097160826154, 45.900286542749825 ], [ 9.067752008487341, 45.876050252506275 ], [ 9.056985736409109, 45.873947638298404 ], [ 9.050424147209929, 45.861068044000127 ], [ 9.051247273486721, 45.853156680849168 ], [ 9.036671409530458, 45.840328289847484 ], [ 9.038417483890019, 45.835318993049711 ], [ 9.03021451894503, 45.820554437336973 ], [ 9.022486280410249, 45.821185658020667 ], [ 9.009540240069724, 45.818461661510632 ], [ 8.994607273422545, 45.825021698028451 ], [ 8.996223599893153, 45.832088926305914 ], [ 8.99132923578185, 45.835143779598674 ], [ 8.983420821090904, 45.837232283031213 ], [ 8.973305167181294, 45.831307124996059 ], [ 8.962427640955651, 45.835396054779103 ], [ 8.954569463803956, 45.842133249021657 ], [ 8.946687110410121, 45.841978542196514 ], [ 8.931073493011455, 45.838228644707023 ], [ 8.929062282975821, 45.832902228800172 ], [ 8.921062466765717, 45.834537677141725 ], [ 8.914926903464636, 45.831811553741467 ], [ 8.912192810952178, 45.832081413023673 ], [ 8.913305598143754, 45.83948019888674 ], [ 8.918924094189851, 45.846387797273941 ], [ 8.932148030694607, 45.859716968537093 ], [ 8.941925076069081, 45.865479467140794 ], [ 8.943346186667045, 45.867988575337087 ], [ 8.935741815805194, 45.870600382662836 ], [ 8.929458529402151, 45.889127732162734 ], [ 8.923467073607137, 45.894335361080962 ], [ 8.926013396240476, 45.900797480908849 ], [ 8.9248273801404, 45.903629228020748 ], [ 8.913516294492561, 45.917165752945678 ], [ 8.905135305483094, 45.919965523085509 ], [ 8.892778545153634, 45.931822093281951 ], [ 8.892668199529973, 45.937860465014346 ], [ 8.898734502907361, 45.948704148483216 ], [ 8.89398531816248, 45.958779335395413 ], [ 8.890954141923155, 45.959763200804709 ], [ 8.879250709122744, 45.95769148012252 ], [ 8.869243596126664, 45.959780550739609 ], [ 8.864092227780429, 45.964074505215933 ], [ 8.851999800119993, 45.96940931309797 ], [ 8.844082445969544, 45.975617390814755 ], [ 8.839892185350433, 45.981796531032145 ], [ 8.830710110355941, 45.987119691703747 ], [ 8.818198615672332, 45.987939542709903 ], [ 8.803303887788136, 45.991539947914617 ], [ 8.792672234035656, 45.991704355975834 ], [ 8.78782633431722, 45.990431033127948 ], [ 8.793974794443303, 46.007801946011263 ], [ 8.805169079519921, 46.020721022671779 ], [ 8.820902807289789, 46.024964431502724 ], [ 8.823625015710823, 46.02739612945804 ], [ 8.832927059540358, 46.041667403519988 ], [ 8.830612658455074, 46.046158498910749 ], [ 8.831790681076015, 46.048780034425327 ], [ 8.835395255762325, 46.0512905289266 ], [ 8.844712497685046, 46.048808429140955 ], [ 8.848621884741764, 46.051089779040709 ], [ 8.855653995499761, 46.063147471486268 ], [ 8.853780576887463, 46.074642171916842 ], [ 8.867079531240858, 46.085882630438569 ], [ 8.870521023978762, 46.108142638875862 ], [ 8.909772720534891, 46.144822643099623 ], [ 8.954861598382266, 46.131017867823672 ], [ 8.975316699981896, 46.134070105566735 ], [ 9.014277194511275, 46.147703616576621 ] ] ] } },
{ "type": "Feature", "properties": { "region_id": 66, "Name": "Bündner Südtäler" }, "geometry": { "type": "MultiPolygon", "coordinates": [ [ [ [ 9.738149070293812, 46.372211029168838 ], [ 9.742367049334165, 46.350895405156784 ], [ 9.733499565954421, 46.347421641799393 ], [ 9.724384021086808, 46.340496412398274 ], [ 9.728784202991058, 46.332370942996889 ], [ 9.720980790301502, 46.321972150539104 ], [ 9.726830523054245, 46.309740724444509 ], [ 9.71796964441824, 46.300047141788092 ], [ 9.715330443162216, 46.292216760839636 ], [ 9.703228299987471, 46.290596798655415 ], [ 9.69179143020693, 46.292481061627122 ], [ 9.680639308363643, 46.300028091484002 ], [ 9.677278036645252, 46.300697603045521 ], [ 9.643990101155747, 46.285422722475026 ], [ 9.619401344050614, 46.286619385538692 ], [ 9.607422990085389, 46.292870077622247 ], [ 9.59093101100397, 46.292420121386819 ], [ 9.582748180177225, 46.293628390026143 ], [ 9.558686353677309, 46.303791715721545 ], [ 9.550856856730627, 46.301121476367115 ], [ 9.545208697324394, 46.303125541423974 ], [ 9.530976305659674, 46.314548193836117 ], [ 9.517882705900195, 46.32872867030197 ], [ 9.512564476297529, 46.335737304087303 ], [ 9.50737038979646, 46.351499215719009 ], [ 9.496986101664145, 46.363134836178553 ], [ 9.491712876919259, 46.365993142523266 ], [ 9.499711704294617, 46.365424957135708 ], [ 9.525197846593011, 46.36766705343085 ], [ 9.540589891121162, 46.369695231110597 ], [ 9.545766887876388, 46.371110878953566 ], [ 9.555629875654795, 46.378999058888475 ], [ 9.570930979975946, 46.401434589551492 ], [ 9.59576668056437, 46.41232151669805 ], [ 9.660891719870985, 46.414699453981669 ], [ 9.683691194273091, 46.409435651871497 ], [ 9.72595814041428, 46.38898088008613 ], [ 9.736064606431304, 46.376105115796548 ], [ 9.738149070293812, 46.372211029168838 ] ] ], [ [ [ 10.058917871482128, 46.430617409385697 ], [ 10.061761581749368, 46.428049472797355 ], [ 10.079331769079076, 46.427731682639127 ], [ 10.084303201301008, 46.421576273363286 ], [ 10.097701134203295, 46.421415870189307 ], [ 10.102015841130259, 46.422610722632427 ], [ 10.108294066984563, 46.427728591436846 ], [ 10.117898979166641, 46.426115915289053 ], [ 10.124963248652504, 46.429981202705036 ], [ 10.135373975181622, 46.429914124419206 ], [ 10.144103223664555, 46.425367705063337 ], [ 10.149523534195595, 46.413239850488466 ], [ 10.159722480157569, 46.414201647802003 ], [ 10.165499066675425, 46.408734187117105 ], [ 10.166809229012381, 46.406065333982276 ], [ 10.164138790230243, 46.401863051358518 ], [ 10.162936446613989, 46.385176903958389 ], [ 10.158830701511331, 46.383709358653199 ], [ 10.148563324603609, 46.384387447363636 ], [ 10.13219116475809, 46.377379034169337 ], [ 10.128891815523939, 46.371948836360694 ], [ 10.128033610342369, 46.360402968990883 ], [ 10.111047549957007, 46.349697942829181 ], [ 10.108601792758183, 46.332473924237185 ], [ 10.115612597659577, 46.325233616787905 ], [ 10.119697797453949, 46.314290789086918 ], [ 10.129198367530346, 46.308358671043628 ], [ 10.139073779292096, 46.305045054881781 ], [ 10.141505033371439, 46.300918535355173 ], [ 10.154705564911715, 46.291943340087855 ], [ 10.156419911308319, 46.285718418325324 ], [ 10.162808613607986, 46.280038032390294 ], [ 10.166905535250361, 46.271136167318538 ], [ 10.173852444266577, 46.266287726102206 ], [ 10.178693716047293, 46.257277341350289 ], [ 10.152974154136027, 46.240372812322889 ], [ 10.147034172231495, 46.231019250263749 ], [ 10.140707933975373, 46.227426309139766 ], [ 10.12653379772958, 46.224299067762345 ], [ 10.093686675843864, 46.226722983870815 ], [ 10.083159372657523, 46.223855632303213 ], [ 10.075207970406217, 46.217389942036199 ], [ 10.049075497552415, 46.22890567289258 ], [ 10.060233803908426, 46.246774691489321 ], [ 10.058005509642742, 46.265160754484853 ], [ 10.0433614333521, 46.269657383774685 ], [ 10.03212945043591, 46.276891037173534 ], [ 9.99841930244359, 46.28129532863408 ], [ 9.993819005751883, 46.293342952883357 ], [ 10.000525319111206, 46.302020728808245 ], [ 9.99742763357145, 46.307113089910615 ], [ 9.999847863423813, 46.313547670188598 ], [ 9.984897051472908, 46.323236506115158 ], [ 9.98692950854506, 46.331669161851067 ], [ 9.995829675539628, 46.34298003657694 ], [ 9.996263266692935, 46.350530628627226 ], [ 9.985866046526343, 46.352214055449672 ], [ 9.969442941862768, 46.361276629281697 ], [ 9.957785195613315, 46.371715876898271 ], [ 9.957370886590292, 46.377638294640121 ], [ 9.968819395629822, 46.378580243389294 ], [ 10.038361464986499, 46.429758425321189 ], [ 10.042286762500392, 46.43316061289547 ], [ 10.044423137615619, 46.442670215941867 ], [ 10.056966033988282, 46.439528161169932 ], [ 10.058917871482128, 46.430617409385697 ] ] ], [ [ [ 10.401346024832508, 46.638245552682953 ], [ 10.426513292685247, 46.637218650900607 ], [ 10.446515685441204, 46.640850860791573 ], [ 10.462044925727493, 46.63387682962599 ], [ 10.494143580923472, 46.613115336035435 ], [ 10.489108534408969, 46.604689163112788 ], [ 10.490872386747496, 46.598223132045838 ], [ 10.490091869264507, 46.586018795610954 ], [ 10.479179756465991, 46.566586874470474 ], [ 10.478762410189725, 46.558234822552777 ], [ 10.481274763119645, 46.550929666383659 ], [ 10.472894480947003, 46.541107083514113 ], [ 10.465100929518957, 46.539154377457059 ], [ 10.452471921814904, 46.532117200984636 ], [ 10.437998810998073, 46.537163382838173 ], [ 10.423486652801637, 46.548879266378748 ], [ 10.416586354683437, 46.551049763048823 ], [ 10.412549001846893, 46.550714381529126 ], [ 10.403387758091219, 46.544976377685828 ], [ 10.399710061025926, 46.544289092403119 ], [ 10.372558161924808, 46.554598424549951 ], [ 10.352501729853035, 46.555321432611834 ], [ 10.350582110434328, 46.554083368856382 ], [ 10.349477949386351, 46.547144241429628 ], [ 10.339839561863819, 46.541368518939777 ], [ 10.328058879011342, 46.551129518350329 ], [ 10.310706849829254, 46.547473592625707 ], [ 10.298766450860692, 46.549647066655702 ], [ 10.295049998197388, 46.559075185756825 ], [ 10.283901860965846, 46.570165631595088 ], [ 10.278728497739058, 46.573058447168265 ], [ 10.268675234262179, 46.576999726734655 ], [ 10.254108607458727, 46.571510425519968 ], [ 10.243981334067765, 46.57681952550081 ], [ 10.241301725674289, 46.58631901853299 ], [ 10.243302418308495, 46.593425771229491 ], [ 10.259317535358647, 46.609313290663295 ], [ 10.267187245648195, 46.610189085856803 ], [ 10.282322738850816, 46.619560422157484 ], [ 10.285230857444102, 46.635330350911651 ], [ 10.291716918869055, 46.644565548479321 ], [ 10.299197546538528, 46.650570896790342 ], [ 10.313877994937233, 46.658932679187394 ], [ 10.318488124465024, 46.66031045593791 ], [ 10.401346024832508, 46.638245552682953 ] ] ] ] } },
{ "type": "Feature", "properties": { "region_id": 67, "Name": "Oberengadin" }, "geometry": { "type": "Polygon", "coordinates": [ [ [ 10.013341330127277, 46.635035949153746 ], [ 10.047453002499138, 46.618976392480128 ], [ 10.094792468834257, 46.622696711740311 ], [ 10.107434893360006, 46.609934862546098 ], [ 10.103712999050735, 46.609149024796757 ], [ 10.099468853144833, 46.597754380508832 ], [ 10.10273697853266, 46.585112793619182 ], [ 10.0846430475272, 46.575508396715698 ], [ 10.074838984170015, 46.558337774837661 ], [ 10.063683414946269, 46.549208250658211 ], [ 10.050254882766003, 46.542632145283648 ], [ 10.047313541800813, 46.538982454906254 ], [ 10.055183037207748, 46.523158415782724 ], [ 10.045664830486794, 46.508553250119974 ], [ 10.04540400554281, 46.501511758627366 ], [ 10.04857737463778, 46.495417446671425 ], [ 10.046037523415309, 46.491389520436655 ], [ 10.045508048624813, 46.478494790255724 ], [ 10.055276025176301, 46.467631245656385 ], [ 10.042370483169581, 46.44926980445041 ], [ 10.04154653775524, 46.445670464356347 ], [ 10.044423137615619, 46.442670215941867 ], [ 10.042286762500392, 46.43316061289547 ], [ 9.968819395629822, 46.378580243389294 ], [ 9.957370886590292, 46.377638294640121 ], [ 9.950246713823061, 46.378525475316614 ], [ 9.936896202793255, 46.374392529604727 ], [ 9.927404069689466, 46.366456270099562 ], [ 9.922626912839764, 46.370593213072816 ], [ 9.916726008386904, 46.371208460583183 ], [ 9.909894529474476, 46.379088812308801 ], [ 9.905516963348212, 46.379481213639941 ], [ 9.892794349825296, 46.374780464223527 ], [ 9.874654732064725, 46.363471943708255 ], [ 9.836852869443973, 46.359409684448813 ], [ 9.817116750056874, 46.345975158903052 ], [ 9.789075552128905, 46.340350892183906 ], [ 9.772555154948153, 46.334797869002081 ], [ 9.768826682229838, 46.3354146505092 ], [ 9.747473668821742, 46.349648462809434 ], [ 9.742367049334165, 46.350895405156784 ], [ 9.738149070293812, 46.372211029168838 ], [ 9.736064606431304, 46.376105115796548 ], [ 9.72595814041428, 46.38898088008613 ], [ 9.683691194273091, 46.409435651871497 ], [ 9.660891719870985, 46.414699453981669 ], [ 9.664447427766035, 46.418274416986264 ], [ 9.678314960854109, 46.4282695848892 ], [ 9.688948246326582, 46.434232657321829 ], [ 9.705407960798501, 46.440006504633047 ], [ 9.716175288471671, 46.439115871682162 ], [ 9.719033440208429, 46.441146323066064 ], [ 9.729439304008714, 46.452033031267156 ], [ 9.731065778458152, 46.455392989773813 ], [ 9.730963480065968, 46.458823863318287 ], [ 9.724703776666288, 46.472503344947029 ], [ 9.727255065919511, 46.474620804403216 ], [ 9.731052655670643, 46.480942806346384 ], [ 9.73738166262924, 46.502989598214768 ], [ 9.724558194304734, 46.509188074993176 ], [ 9.72017470455128, 46.510023165186062 ], [ 9.705654645554763, 46.510034918276098 ], [ 9.700988532957309, 46.512224807102712 ], [ 9.696280315069725, 46.523729663981946 ], [ 9.694473477875956, 46.541692240659103 ], [ 9.72544294370579, 46.550504719121264 ], [ 9.842986385594424, 46.573638618183111 ], [ 9.836373788154104, 46.584326008382348 ], [ 9.865476149232752, 46.674337432558531 ], [ 9.867555403701886, 46.676669079188862 ], [ 9.878721916709596, 46.684476358888737 ], [ 9.954463208535769, 46.693062381640594 ], [ 9.965903912471981, 46.675375880473382 ], [ 10.013341330127277, 46.635035949153746 ] ] ] } },
{ "type": "Feature", "properties": { "region_id": 68, "Name": "Unterengadin" }, "geometry": { "type": "Polygon", "coordinates": [ [ [ 10.488245397530747, 46.918278167740439 ], [ 10.480458267843201, 46.909294391684398 ], [ 10.474109278188875, 46.893637513463851 ], [ 10.467430856449221, 46.886748004943662 ], [ 10.470642304916719, 46.854759733714772 ], [ 10.467977561265428, 46.83773550658595 ], [ 10.458972736009693, 46.832959774773144 ], [ 10.457509837796845, 46.816470712545609 ], [ 10.450210205539623, 46.802251194680963 ], [ 10.442783972004495, 46.795560294088354 ], [ 10.428925797436865, 46.790072846324861 ], [ 10.443280721429304, 46.77134078880399 ], [ 10.445590385915935, 46.764600431276335 ], [ 10.445083172853318, 46.753163179597976 ], [ 10.433392423046126, 46.751373217145044 ], [ 10.403721465905997, 46.734117509480214 ], [ 10.403896853603561, 46.732069516351778 ], [ 10.4132793377126, 46.726766053548765 ], [ 10.419956608326212, 46.718732921551286 ], [ 10.418911735351216, 46.710721463230193 ], [ 10.413601697341823, 46.7046128043457 ], [ 10.402553244404183, 46.7038204258956 ], [ 10.39449265533573, 46.689014586553867 ], [ 10.385450093728883, 46.684405801652744 ], [ 10.392118309112314, 46.674556080985873 ], [ 10.39435434249852, 46.658789713237162 ], [ 10.401346024832508, 46.638245552682953 ], [ 10.318488124465024, 46.66031045593791 ], [ 10.313877994937233, 46.658932679187394 ], [ 10.299197546538528, 46.650570896790342 ], [ 10.291716918869055, 46.644565548479321 ], [ 10.285230857444102, 46.635330350911651 ], [ 10.282322738850816, 46.619560422157484 ], [ 10.267187245648195, 46.610189085856803 ], [ 10.259317535358647, 46.609313290663295 ], [ 10.242288139849757, 46.625729559553761 ], [ 10.238275540191999, 46.634775629790788 ], [ 10.222446905644627, 46.627854826664624 ], [ 10.218685724697428, 46.617226297129143 ], [ 10.215152051062745, 46.620147954902471 ], [ 10.197403798172195, 46.625116168333285 ], [ 10.189043825904911, 46.625147484391391 ], [ 10.144671648696677, 46.610720527695626 ], [ 10.133715079326272, 46.605256004963579 ], [ 10.107434893360006, 46.609934862546098 ], [ 10.094792468834257, 46.622696711740311 ], [ 10.047453002499138, 46.618976392480128 ], [ 10.013341330127277, 46.635035949153746 ], [ 9.965903912471981, 46.675375880473382 ], [ 9.954463208535769, 46.693062381640594 ], [ 9.956895586142101, 46.695573700831957 ], [ 9.958978334096265, 46.715237973481699 ], [ 9.957099119445374, 46.718429543530213 ], [ 9.953208113910533, 46.721422457110037 ], [ 9.948667323243303, 46.721711506010941 ], [ 9.94435765271049, 46.724722315771452 ], [ 9.942739695202921, 46.737510936978438 ], [ 9.949753987051148, 46.746734799821375 ], [ 9.96578288556416, 46.762437048573425 ], [ 10.025448918811662, 46.795085223228362 ], [ 10.096773253561325, 46.848548270042066 ], [ 10.106332685031562, 46.841323121475803 ], [ 10.120752960525673, 46.846943972966912 ], [ 10.141383712029025, 46.847898048932343 ], [ 10.149425934057414, 46.851811899922588 ], [ 10.162937232148899, 46.848403391705986 ], [ 10.194603358356703, 46.86524088147916 ], [ 10.231700341499659, 46.86847203196514 ], [ 10.232951834945466, 46.875129200218453 ], [ 10.237889148424179, 46.883739423056646 ], [ 10.232389263013399, 46.888806450766886 ], [ 10.228871046965816, 46.895391028474378 ], [ 10.237859204937903, 46.90434343362611 ], [ 10.238840090482727, 46.913338408159049 ], [ 10.243733913504705, 46.920275314436559 ], [ 10.244108408338848, 46.931220316572968 ], [ 10.2572633225803, 46.930258065267473 ], [ 10.293397939340871, 46.921864553066783 ], [ 10.301610899173106, 46.924611784151097 ], [ 10.315060818016763, 46.925030642543426 ], [ 10.316682056753814, 46.926844146843003 ], [ 10.315384068415593, 46.931557435287438 ], [ 10.308145503654986, 46.939705210862222 ], [ 10.310419308405484, 46.948802431581818 ], [ 10.313139541482956, 46.951245512755456 ], [ 10.321923442801662, 46.9515467391887 ], [ 10.325315064912342, 46.953261539787377 ], [ 10.331454263211622, 46.961072746920038 ], [ 10.339972474603671, 46.979777993817486 ], [ 10.35629154170274, 46.991821408699685 ], [ 10.373960535896561, 46.994493651727822 ], [ 10.383688951239881, 46.999158834363335 ], [ 10.398678988790696, 46.997323408230955 ], [ 10.407005006612373, 46.987296366590797 ], [ 10.426577508871457, 46.976642773877302 ], [ 10.422684337017449, 46.96433997457703 ], [ 10.423852543176343, 46.959574651256162 ], [ 10.438972854873365, 46.954876668875521 ], [ 10.456517973734032, 46.952903300052142 ], [ 10.479341585924708, 46.941092058009225 ], [ 10.492769739560286, 46.938700140692603 ], [ 10.486727895716532, 46.931128463896314 ], [ 10.488245397530747, 46.918278167740439 ] ] ] } }
]
}
